갱신요구권사용,건축년도,계약구분,계약기간,년,법정동,보증금액,아파트,월,월세금액,일,전용면적,종전계약보증금,종전계약월세,지번,지역코드,층
,2000,,,2020,신정동,"3,000",신정6현대,1,70,1,59.4,,,743-2,11470,20
,2005,,,2020,신정동,"50,000",동일하이빌1단지,1,0,1,115.321,,,1310,11470,5
,1987,,,2020,신정동,"71,000",목동신시가지14,1,0,2,108.28,,,329,11470,12
,1987,,,2020,신정동,"71,000",목동신시가지14,1,0,2,108.28,,,329,11470,12
,1987,,,2020,신정동,"71,000",목동신시가지14,1,0,2,108.28,,,329,11470,12
,1988,,,2020,신정동,"30,000",목동신시가지12,1,0,2,53.46,,,326,11470,10
,2002,,,2020,신정동,"10,000",재훈,1,0,2,74.05,,,884-6,11470,7
,2001,,,2020,신정동,"65,000",목동2삼성래미안,1,0,2,114.16,,,1295,11470,1
,1999,,,2020,신정동,"30,000",신트리1,1,0,2,59.73,,,1259,11470,11
,2004,,,2020,신정동,"31,000",정은스카이빌2차,1,0,2,84.98,,,1304,11470,11
,1995,,,2020,신정동,"3,057",양천,1,1,2,39.36,,,276,11470,8
,1988,,,2020,신정동,"10,000",목동신시가지11,1,0,2,51.48,,,325,11470,3
,1988,,,2020,신정동,"30,000",목동신시가지10,1,0,2,53.82,,,311,11470,15
,1988,,,2020,신정동,"67,000",목동신시가지14,1,0,3,83.31,,,329,11470,2
,1987,,,2020,신정동,"42,000",목동신시가지13,1,33,3,70.73,,,327,11470,6
,1987,,,2020,신정동,"46,200",목동신시가지9,1,0,3,71.37,,,312,11470,10
,2004,,,2020,신정동,"38,000",대림e-편한세상,1,0,3,84.985,,,1303,11470,6
,2001,,,2020,신정동,"40,000",목동2삼성래미안,1,0,3,59.92,,,1295,11470,8
,2000,,,2020,신정동,"38,000",목동우성2,1,0,3,84.96,,,337,11470,11
,1988,,,2020,신정동,"27,000",목동신시가지11,1,0,3,51.48,,,325,11470,11
,2001,,,2020,신정동,"37,000",목동2삼성래미안,1,0,3,59.92,,,1295,11470,9
,1997,,,2020,신정동,"53,000",목동현대3차,1,0,3,84.77,,,1279,11470,18
,1988,,,2020,신정동,"10,000",목동신시가지10,1,55,3,53.82,,,311,11470,11
,2005,,,2020,신정동,"43,000",동일하이빌2단지,1,0,3,84.955,,,1311,11470,4
,1999,,,2020,신정동,"24,000",신트리1,1,0,4,49.8,,,1259,11470,15
,2000,,,2020,신정동,"25,000",신트리3,1,55,4,84.97,,,1276,11470,13
,1992,,,2020,신정동,"44,000",청구,1,0,4,84.99,,,336,11470,1
,1995,,,2020,신정동,"40,000",현대,1,30,4,84.84,,,1252,11470,18
,2002,,,2020,신정동,"65,000",아이파크,1,0,4,59.82,,,1296,11470,13
,2002,,,2020,신정동,"100,000",아이파크,1,0,4,114.756,,,1296,11470,16
,1988,,,2020,신정동,"20,000",목동신시가지12,1,72,4,71.64,,,326,11470,9
,1988,,,2020,신정동,"47,000",목동신시가지12,1,0,4,72.75,,,326,11470,4
,1988,,,2020,신정동,"44,000",목동신시가지12,1,0,4,71.64,,,326,11470,6
,1987,,,2020,신정동,"85,000",목동신시가지10,1,0,4,127.21,,,311,11470,13
,1988,,,2020,신정동,"32,000",목동신시가지10,1,0,4,53.82,,,311,11470,3
,1987,,,2020,신정동,"55,000",목동신시가지13,1,25,4,98.63,,,327,11470,7
,1987,,,2020,신정동,"34,000",목동신시가지8,1,0,4,54.94,,,314,11470,6
,1988,,,2020,신정동,"33,000",목동신시가지14,1,0,4,55.02,,,329,11470,1
,1987,,,2020,신정동,"20,000",목동신시가지13,1,30,4,53.9,,,327,11470,5
,1987,,,2020,신정동,"1,000",수정,1,60,4,48.6,,,733-31,11470,1
,1996,,,2020,신정동,"54,000",목동삼성,1,0,4,84.77,,,1278,11470,21
,2001,,,2020,신정동,"38,000",목동2삼성래미안,1,0,4,59.54,,,1295,11470,7
,1987,,,2020,신정동,"5,000",목동신시가지13,1,70,4,53.9,,,327,11470,4
,1987,,,2020,신정동,"32,000",목동신시가지9,1,0,4,53.82,,,312,11470,4
,2004,,,2020,신정동,"35,500",정은스카이빌3차,1,0,4,84.88,,,1192-1,11470,5
,1987,,,2020,신정동,"78,000",목동신시가지9,1,0,4,106.93,,,312,11470,14
,1987,,,2020,신정동,"10,000",목동신시가지10,1,100,4,70.2,,,311,11470,1
,1988,,,2020,신정동,"15,000",목동신시가지14,1,90,4,71.37,,,329,11470,14
,1987,,,2020,신정동,"22,000",목동신시가지10,1,20,4,53.82,,,311,11470,6
,1988,,,2020,신정동,"33,700",목동신시가지10,1,0,4,53.82,,,311,11470,12
,2016,,,2020,신정동,"2,807",목동힐스테이트,1,15,5,36.01,,,1323,11470,6
,2016,,,2020,신정동,"68,000",목동힐스테이트,1,0,5,59.95,,,1323,11470,3
,1996,,,2020,신정동,"10,000",목동삼성,1,140,6,84.77,,,1278,11470,17
,2004,,,2020,신정동,"10,000",대성유니드1차,1,0,6,59.87,,,1198-23,11470,11
,1987,,,2020,신정동,"9,000",목동신시가지8,1,70,6,54.94,,,314,11470,1
,1987,,,2020,신정동,"50,000",목동신시가지9,1,0,6,71.37,,,312,11470,5
,1987,,,2020,신정동,"80,000",목동신시가지9,1,0,6,106.93,,,312,11470,10
,1988,,,2020,신정동,"5,000",목동신시가지11,1,70,6,59.29,,,325,11470,5
,1988,,,2020,신정동,"30,000",목동신시가지11,1,0,6,51.48,,,325,11470,14
,1988,,,2020,신정동,"2,000",목동신시가지11,1,80,6,51.48,,,325,11470,5
,1992,,,2020,신정동,"20,000",쌍용,1,70,6,84.63,,,334,11470,1
,2016,,,2020,신정동,"30,000",목동힐스테이트,1,140,6,84.88,,,1323,11470,14
,2006,,,2020,신정동,"10,000",프리우스,1,130,6,78.08,,,86-6,11470,6
,1992,,,2020,신정동,"48,000",쌍용,1,0,6,84.65,,,334,11470,12
,1992,,,2020,신정동,"47,500",청구,1,0,6,84.99,,,336,11470,16
,1987,,,2020,신정동,"37,000",목동신시가지8,1,0,6,54.94,,,314,11470,7
,1988,,,2020,신정동,"33,000",목동신시가지14,1,0,6,55.02,,,329,11470,8
,1988,,,2020,신정동,"36,000",목동신시가지14,1,0,6,74.19,,,329,11470,3
,1987,,,2020,신정동,"9,000",목동신시가지14,1,80,7,55.02,,,329,11470,10
,1987,,,2020,신정동,"37,000",목동신시가지14,1,0,7,55.02,,,329,11470,14
,1999,,,2020,신정동,"25,000",신트리1,1,0,7,49.8,,,1259,11470,3
,2000,,,2020,신정동,"45,000",목동우성2,1,0,7,84.96,,,337,11470,14
,1987,,,2020,신정동,"90,000",목동신시가지10,1,0,7,156.24,,,311,11470,14
,1988,,,2020,신정동,"47,000",목동신시가지12,1,0,7,71.64,,,326,11470,7
,2002,,,2020,신정동,"60,000",아이파크,1,90,7,114.756,,,1296,11470,3
,2002,,,2020,신정동,"55,000",블레스빌,1,0,7,79.43,,,340,11470,5
,2016,,,2020,신정동,"68,000",목동힐스테이트,1,0,8,59.95,,,1323,11470,4
,2002,,,2020,신정동,"33,500",푸른마을4,1,0,8,84.99,,,1285,11470,1
,1988,,,2020,신정동,"35,000",목동신시가지11,1,0,8,66.24,,,325,11470,12
,1988,,,2020,신정동,"27,000",목동신시가지12,1,0,8,56.76,,,326,11470,1
,1988,,,2020,신정동,"32,000",목동신시가지12,1,25,8,71.64,,,326,11470,14
,1988,,,2020,신정동,"32,000",목동신시가지12,1,25,8,71.64,,,326,11470,14
,1988,,,2020,신정동,"59,000",목동신시가지14,1,0,8,83.89,,,329,11470,4
,1987,,,2020,신정동,"30,000",목동신시가지13,1,0,8,53.9,,,327,11470,14
,2016,,,2020,신정동,"67,000",목동힐스테이트,1,0,8,84.88,,,1323,11470,2
,1988,,,2020,신정동,"27,000",목동신시가지12,1,0,8,56.76,,,326,11470,1
,1988,,,2020,신정동,"32,000",목동신시가지14,1,0,8,55.02,,,329,11470,9
,1987,,,2020,신정동,"78,000",목동신시가지14,1,0,8,108.28,,,329,11470,3
,2000,,,2020,신정동,"40,000",목동우성2,1,0,8,84.96,,,337,11470,9
,2000,,,2020,신정동,"22,000",신트리4,1,0,8,49.5,,,1277,11470,14
,2002,,,2020,신정동,"48,000",아이파크,1,0,9,59.82,,,1296,11470,10
,2005,,,2020,신정동,"50,000",동일하이빌2단지,1,0,9,115.321,,,1311,11470,21
,1988,,,2020,신정동,"39,500",목동신시가지14,1,0,9,71.37,,,329,11470,7
,2000,,,2020,신정동,"38,000",목동우성2,1,0,9,84.96,,,337,11470,9
,1988,,,2020,신정동,"50,000",목동신시가지12,1,0,9,71.64,,,326,11470,5
,2002,,,2020,신정동,"68,100",아이파크,1,0,9,84.88,,,1296,11470,19
,1995,,,2020,신정동,"1,803",양천,1,5,9,33.62,,,276,11470,8
,1988,,,2020,신정동,"35,000",목동신시가지14,1,0,9,55.02,,,329,11470,5
,1997,,,2020,신정동,"71,000",목동현대3차,1,0,9,114.93,,,1279,11470,2
,1997,,,2020,신정동,"63,000",목동현대3차,1,0,9,101.91,,,1279,11470,15
,2000,,,2020,신정동,"16,000",신정6현대,1,0,9,84.6,,,743-2,11470,14
,1987,,,2020,신정동,"44,500",목동신시가지13,1,0,9,70.73,,,327,11470,8
,1988,,,2020,신정동,"47,000",목동신시가지14,1,0,10,71.4,,,329,11470,11
,1987,,,2020,신정동,"84,000",목동신시가지9,1,0,10,126.53,,,312,11470,3
,2011,,,2020,신정동,"30,000",이펜하우스3단지,1,20,10,84.51,,,1316,11470,10
,2002,,,2020,신정동,"80,000",아이파크,1,0,10,84.88,,,1296,11470,7
,1988,,,2020,신정동,"55,000",목동신시가지14,1,0,10,83.31,,,329,11470,10
,2007,,,2020,신정동,"22,600",럭키,1,0,10,84.98,,,958-10,11470,1
,1988,,,2020,신정동,"38,000",목동신시가지11,1,0,10,66.24,,,325,11470,4
,2004,,,2020,신정동,"33,000",대성유니드2차,1,0,10,84.7,,,1198-3,11470,14
,1990,,,2020,신정동,"57,000",유원목동,1,0,10,84.96,,,87-39,11470,10
,2000,,,2020,신정동,"34,000",목동우성2,1,0,10,84.96,,,337,11470,3
,1987,,,2020,신정동,"45,000",목동신시가지13,1,0,10,70.73,,,327,11470,2
,1987,,,2020,신정동,"37,000",목동신시가지10,1,0,10,53.82,,,311,11470,10
,2000,,,2020,신정동,"38,000",목동우성2,1,0,11,84.96,,,337,11470,14
,2000,,,2020,신정동,"39,500",목동우성2,1,0,11,84.96,,,337,11470,3
,1988,,,2020,신정동,"8,000",목동신시가지11,1,60,11,59.29,,,325,11470,2
,1988,,,2020,신정동,"10,000",목동신시가지12,1,70,11,56.76,,,326,11470,3
,1988,,,2020,신정동,"30,000",목동신시가지12,1,0,11,53.46,,,326,11470,6
,1987,,,2020,신정동,"73,000",목동신시가지14,1,0,11,108.28,,,329,11470,2
,1987,,,2020,신정동,"43,000",목동신시가지9,1,70,11,106.93,,,312,11470,1
,2003,,,2020,신정동,"115,000",삼성쉐르빌,1,0,11,146.92,,,318-10,11470,21
,2000,,,2020,신정동,"26,000",신트리4,1,0,11,59.73,,,1277,11470,7
,2000,,,2020,신정동,"23,000",신트리4,1,0,11,48.96,,,1277,11470,6
,1996,,,2020,신정동,"53,000",목동삼성,1,0,11,84.77,,,1278,11470,2
,2001,,,2020,신정동,"36,000",푸른마을3,1,0,11,84.93,,,1283,11470,10
,1999,,,2020,신정동,"27,000",신트리1,1,0,11,59.73,,,1259,11470,8
,2016,,,2020,신정동,"67,000",목동힐스테이트,1,0,11,59.95,,,1323,11470,7
,2011,,,2020,신정동,"38,000",이펜하우스3단지,1,0,11,84.96,,,1316,11470,4
,2008,,,2020,신정동,"37,000",세양청마루2차주상복합,1,0,11,84.42,,,201-1,11470,13
,1988,,,2020,신정동,"25,000",목동신시가지11,1,10,11,66.24,,,325,11470,2
,2004,,,2020,신정동,"30,000",신일해피트리,1,0,11,84.98,,,1219-1,11470,2
,2007,,,2020,신정동,"27,000",럭키,1,0,11,84.98,,,958-10,11470,2
,1988,,,2020,신정동,"5,000",목동신시가지10,1,90,11,53.82,,,311,11470,15
,1987,,,2020,신정동,"50,000",목동신시가지8,1,0,11,71.77,,,314,11470,4
,1995,,,2020,신정동,"24,000",마이홈,1,0,11,58.92,,,1194-5,11470,6
,1987,,,2020,신정동,"48,000",목동신시가지14,1,0,11,71.4,,,329,11470,1
,1987,,,2020,신정동,"65,000",목동신시가지13,1,0,11,124.55,,,327,11470,2
,1987,,,2020,신정동,"41,000",목동신시가지13,1,0,11,70.73,,,327,11470,5
,1987,,,2020,신정동,"66,000",목동신시가지10,1,0,11,106.06,,,311,11470,4
,2000,,,2020,신정동,"20,500",학마을1단지,1,0,12,49.98,,,1293,11470,3
,1988,,,2020,신정동,"33,000",목동신시가지14,1,0,12,55.02,,,329,11470,9
,2002,,,2020,신정동,"13,000",목동무지개,1,0,13,81.42,,,881-8,11470,6
,2006,,,2020,신정동,"18,500",세양청마루,1,0,13,84.98,,,1306,11470,3
,2016,,,2020,신정동,"40,000",목동힐스테이트,1,105,13,84.93,,,1323,11470,12
,2004,,,2020,신정동,"105,000",목동삼성쉐르빌Ⅱ,1,0,13,178.94,,,318-12,11470,12
,2011,,,2020,신정동,"22,000",이펜하우스3단지,1,30,13,59.93,,,1316,11470,12
,2011,,,2020,신정동,"12,451",이펜하우스2단지,1,0,13,59.94,,,1322,11470,2
,2011,,,2020,신정동,"19,000",이펜하우스4단지,1,60,13,84.86,,,1317,11470,6
,2011,,,2020,신정동,"30,000",이펜하우스4단지,1,0,13,84.96,,,1317,11470,9
,2016,,,2020,신정동,"38,000",신정숲속마을,1,0,13,84.99,,,1324,11470,15
,2019,,,2020,신정동,"3,000",목동파크자이(101동~108동),1,0,13,84.993,,,1325,11470,12
,1996,,,2020,신정동,"55,000",목동삼성,1,0,13,84.77,,,1278,11470,19
,2000,,,2020,신정동,"18,000",학마을1단지,1,0,13,49.99,,,1293,11470,5
,1987,,,2020,신정동,"45,000",목동신시가지9,1,0,13,71.37,,,312,11470,1
,1987,,,2020,신정동,"60,000",목동신시가지14,1,30,13,108.28,,,329,11470,7
,1987,,,2020,신정동,"75,000",목동신시가지14,1,0,13,108.28,,,329,11470,12
,2000,,,2020,신정동,"40,000",목동우성2,1,0,13,84.96,,,337,11470,11
,1997,,,2020,신정동,"55,000",목동현대3차,1,0,13,84.77,,,1279,11470,10
,1988,,,2020,신정동,"54,600",목동신시가지14,1,0,13,83.31,,,329,11470,1
,1988,,,2020,신정동,"46,000",목동신시가지10,1,0,13,70.2,,,311,11470,8
,1987,,,2020,신정동,"72,000",목동신시가지10,1,0,13,127.21,,,311,11470,2
,1988,,,2020,신정동,"43,000",목동신시가지12,1,0,13,71.64,,,326,11470,6
,1987,,,2020,신정동,"35,000",목동신시가지13,1,50,14,98.63,,,327,11470,3
,1987,,,2020,신정동,"32,000",목동신시가지13,1,0,14,53.9,,,327,11470,3
,1987,,,2020,신정동,"70,000",목동신시가지10,1,0,14,106.06,,,311,11470,1
,2002,,,2020,신정동,"32,500",밀레스트,1,0,14,67.7833,,,891-1,11470,10
,1997,,,2020,신정동,"67,000",목동현대3차,1,0,14,101.91,,,1279,11470,2
,1987,,,2020,신정동,"43,500",목동신시가지10,1,0,14,61.26,,,311,11470,1
,1987,,,2020,신정동,"80,000",목동신시가지13,1,0,14,122.3,,,327,11470,2
,1987,,,2020,신정동,"30,000",목동신시가지14,1,80,14,83.89,,,329,11470,5
,2004,,,2020,신정동,"28,000",예지보금자리(102동),1,0,14,84.94,,,927-4,11470,4
,1999,,,2020,신정동,"55,000",신정현대5,1,0,14,114.24,,,1273,11470,8
,1988,,,2020,신정동,"37,000",목동신시가지11,1,0,14,66.24,,,325,11470,11
,2001,,,2020,신정동,"1,520",푸른마을1단지,1,22,15,39.08,,,1282,11470,14
,2003,,,2020,신정동,"95,000",굿모닝탑,1,0,15,154.46,,,324-10,11470,10
,1988,,,2020,신정동,"32,000",목동신시가지12,1,0,15,56.76,,,326,11470,3
,1988,,,2020,신정동,"37,000",목동신시가지11,1,0,15,66.24,,,325,11470,9
,2000,,,2020,신정동,"4,000",신트리4,1,75,15,59.73,,,1277,11470,5
,1988,,,2020,신정동,"10,000",목동신시가지11,1,65,15,66.24,,,325,11470,7
,2001,,,2020,신정동,"36,000",목동2삼성래미안,1,0,15,59.92,,,1295,11470,9
,1987,,,2020,신정동,"85,000",목동신시가지9,1,0,15,106.93,,,312,11470,15
,1987,,,2020,신정동,"37,000",목동신시가지9,1,0,15,53.82,,,312,11470,4
,2016,,,2020,신정동,"85,000",목동힐스테이트,1,0,15,84.98,,,1323,11470,13
,2016,,,2020,신정동,"60,000",목동힐스테이트,1,170,15,113.68,,,1323,11470,12
,1995,,,2020,신정동,"1,950",양천,1,4,15,33.62,,,276,11470,4
,2001,,,2020,신정동,"37,000",목동2삼성래미안,1,0,15,59.92,,,1295,11470,14
,2016,,,2020,신정동,"80,000",목동힐스테이트,1,0,15,84.88,,,1323,11470,6
,1987,,,2020,신정동,"10,000",목동신시가지8,1,75,15,54.94,,,314,11470,9
,1987,,,2020,신정동,"89,250",목동신시가지9,1,0,15,106.93,,,312,11470,15
,2000,,,2020,신정동,"41,000",목동우성2,1,0,15,84.96,,,337,11470,6
,1988,,,2020,신정동,"50,000",목동신시가지14,1,0,15,71.4,,,329,11470,6
,1987,,,2020,신정동,"42,000",목동신시가지10,1,40,15,106.06,,,311,11470,2
,1987,,,2020,신정동,"32,000",목동신시가지8,1,0,15,54.94,,,314,11470,1
,1987,,,2020,신정동,"37,000",목동신시가지9,1,0,15,53.82,,,312,11470,4
,1987,,,2020,신정동,"70,000",목동신시가지9,1,0,16,106.93,,,312,11470,14
,1987,,,2020,신정동,"76,000",목동신시가지9,1,0,16,126.02,,,312,11470,5
,2001,,,2020,신정동,"60,000",목동2삼성래미안,1,0,16,114.16,,,1295,11470,8
,2000,,,2020,신정동,"28,000",학마을1단지,1,0,16,59.98,,,1293,11470,2
,1996,,20.01~22.01,2020,신정동,"2,747",목동삼성,1,0,16,32.76,,,1278-1,11470,14
,1987,,,2020,신정동,"60,000",목동신시가지10,1,0,16,105.58,,,311,11470,2
,2002,,,2020,신정동,"50,000",아이파크,1,0,16,59.82,,,1296,11470,4
,1988,,,2020,신정동,"31,000",목동신시가지14,1,0,16,55.02,,,329,11470,5
,2000,,,2020,신정동,"40,000",목동우성2,1,0,16,84.96,,,337,11470,13
,1987,,,2020,신정동,"80,000",목동신시가지10,1,0,17,156.24,,,311,11470,9
,1988,,,2020,신정동,"50,000",목동신시가지14,1,0,17,83.89,,,329,11470,9
,1988,,,2020,신정동,"31,000",목동신시가지12,1,0,17,53.46,,,326,11470,7
,1987,,,2020,신정동,"60,000",목동신시가지13,1,0,17,98.63,,,327,11470,15
,1992,,,2020,신정동,"45,000",쌍용,1,0,17,84.63,,,334,11470,7
,1987,,,2020,신정동,"10,000",목동신시가지8,1,120,17,71.77,,,314,11470,8
,1999,,,2020,신정동,"24,000",신트리1,1,0,17,49.8,,,1259,11470,9
,2000,,,2020,신정동,"3,000",학마을1단지,1,70,17,49.99,,,1293,11470,2
,2011,,,2020,신정동,"13,666",이펜하우스3단지,1,0,17,59.93,,,1316,11470,4
,1987,,,2020,신정동,"35,000",목동신시가지9,1,0,17,53.82,,,312,11470,4
,1987,,,2020,신정동,"58,000",목동신시가지9,1,0,17,84.99,,,312,11470,1
,2000,,,2020,신정동,"21,500",신트리4,1,0,17,48.96,,,1277,11470,2
,1987,,,2020,신정동,"30,000",목동신시가지14,1,130,18,108.28,,,329,11470,5
,1988,,,2020,신정동,"11,000",목동신시가지11,1,70,18,66.24,,,325,11470,7
,1988,,,2020,신정동,"48,000",목동신시가지12,1,0,18,71.64,,,326,11470,14
,1988,,,2020,신정동,"15,000",목동신시가지12,1,70,18,71.64,,,326,11470,7
,1987,,,2020,신정동,"65,000",목동신시가지13,1,0,18,98.63,,,327,11470,13
,1987,,,2020,신정동,"31,000",목동신시가지13,1,0,18,53.9,,,327,11470,15
,1988,,,2020,신정동,"19,000",목동신시가지12,1,55,18,71.64,,,326,11470,2
,1988,,,2020,신정동,"29,500",목동신시가지10,1,0,18,53.82,,,311,11470,6
,2011,,,2020,신정동,"59,000",이펜하우스5단지,1,0,18,114.73,,,1318,11470,12
,2016,,,2020,신정동,"68,000",목동힐스테이트,1,0,18,59.87,,,1323,11470,7
,2005,,,2020,신정동,"48,000",동일하이빌2단지,1,0,18,115.321,,,1311,11470,7
,2017,,,2020,신정동,"2,000",경동미르웰,1,50,18,14.02,,,972-2,11470,3
,2017,,,2020,신정동,"1,000",경동미르웰,1,55,18,14.02,,,972-2,11470,9
,1997,,,2020,신정동,"10,000",목동현대3차,1,180,18,114.93,,,1279,11470,20
,1987,,,2020,신정동,"12,000",수정,1,0,18,47.16,,,733-31,11470,3
,1996,,,2020,신정동,"55,000",목동삼성,1,0,18,84.77,,,1278,11470,17
,1999,,,2020,신정동,"23,000",신트리1,1,0,18,49.8,,,1259,11470,2
,1992,,,2020,신정동,"43,000",쌍용,1,0,18,84.65,,,334,11470,6
,1992,,,2020,신정동,"45,000",쌍용,1,0,18,84.65,,,334,11470,8
,2001,,,2020,신정동,"30,000",푸른마을2,1,0,18,59.85,,,1281,11470,6
,1995,,,2020,신정동,"49,500",현대,1,0,18,84.84,,,1252,11470,7
,2003,,,2020,신정동,"20,000",대림아크로빌,1,165,18,113.1,,,324-7,11470,16
,1987,,,2020,신정동,"5,000",목동신시가지8,1,90,18,54.94,,,314,11470,15
,1987,,,2020,신정동,"34,000",목동신시가지8,1,0,18,54.94,,,314,11470,15
,1987,,,2020,신정동,"35,000",목동신시가지8,1,0,18,54.94,,,314,11470,9
,1988,,,2020,신정동,"30,100",목동신시가지12,1,0,18,71.64,,,326,11470,10
,1988,,,2020,신정동,"52,500",목동신시가지14,1,0,18,83.89,,,329,11470,7
,1988,,,2020,신정동,"20,000",목동신시가지14,1,80,19,83.31,,,329,11470,8
,1987,,,2020,신정동,"75,000",목동신시가지8,1,0,20,105.35,,,314,11470,13
,2000,,,2020,신정동,"39,000",목동우성2,1,0,20,84.96,,,337,11470,7
,2000,,,2020,신정동,"23,500",신트리4,1,0,20,48.96,,,1277,11470,5
,1988,,,2020,신정동,"52,000",목동신시가지12,1,0,20,71.64,,,326,11470,14
,1988,,,2020,신정동,"23,000",목동신시가지11,1,20,20,66.24,,,325,11470,5
,2016,,,2020,신정동,"75,000",목동힐스테이트,1,0,20,84.88,,,1323,11470,15
,1995,,,2020,신정동,"2,433",양천,1,1,20,33.62,,,276,11470,7
,2000,,,2020,신정동,"22,000",학마을1단지,1,0,20,49.99,,,1293,11470,4
,2011,,,2020,신정동,"33,894",이펜하우스2단지,1,0,20,114.98,,,1322,11470,1
,1987,,,2020,신정동,"81,000",목동신시가지13,1,0,20,151.76,,,327,11470,13
,1987,,,2020,신정동,"79,000",목동신시가지9,1,0,20,126.02,,,312,11470,1
,1988,,,2020,신정동,"48,000",목동신시가지14,1,0,20,74.19,,,329,11470,3
,1987,,,2020,신정동,"80,000",목동신시가지10,1,0,20,127.21,,,311,11470,3
,1987,,,2020,신정동,"70,000",목동신시가지8,1,0,20,105.35,,,314,11470,2
,2000,,,2020,신정동,"34,000",신정6현대,1,0,21,84.6,,,743-2,11470,19
,1999,,,2020,신정동,"22,000",신트리1,1,0,21,49.8,,,1259,11470,1
,2000,,,2020,신정동,"30,000",신정6현대,1,0,21,84.6,,,743-2,11470,8
,1987,,,2020,신정동,"6,000",목동신시가지10,1,130,21,70.2,,,311,11470,11
,1987,,,2020,신정동,"85,000",목동신시가지13,1,0,21,151.76,,,327,11470,3
,2011,,,2020,신정동,"11,859",이펜하우스5단지,1,0,21,59.94,,,1318,11470,1
,1987,,,2020,신정동,"50,000",목동신시가지14,1,0,21,74.19,,,329,11470,8
,2000,,,2020,신정동,"45,000",목동우성2,1,0,21,113.91,,,337,11470,11
,1988,,,2020,신정동,"48,000",목동신시가지14,1,0,21,71.37,,,329,11470,13
,1987,,,2020,신정동,"34,000",목동신시가지14,1,0,21,55.02,,,329,11470,8
,1987,,,2020,신정동,"60,000",목동신시가지9,1,0,21,106.93,,,312,11470,12
,2004,,,2020,신정동,"32,000",대성유니드2차,1,0,21,84.67,,,1198-3,11470,6
,2003,,,2020,신정동,"85,000",삼성쉐르빌,1,80,22,216.29,,,318-10,11470,7
,2002,,,2020,신정동,"84,000",아이파크,1,0,22,84.88,,,1296,11470,12
,2000,,,2020,신정동,"22,000",학마을1단지,1,0,22,49.98,,,1293,11470,6
,2005,,,2020,신정동,"46,000",동일하이빌2단지,1,0,22,84.955,,,1311,11470,17
,2016,,,2020,신정동,"87,000",목동힐스테이트,1,0,22,100.84,,,1323,11470,2
,2016,,,2020,신정동,"78,000",목동힐스테이트,1,0,22,84.98,,,1323,11470,5
,2011,,20.01~21.10,2020,신정동,"12,107",이펜하우스1단지,1,0,22,59.83,,,1321,11470,6
,1997,,,2020,신정동,"2,299",목동현대,1,0,22,32.76,,,1279-1,11470,1
,2011,,,2020,신정동,"33,894",이펜하우스2단지,1,0,22,114.98,,,1322,11470,4
,1988,,,2020,신정동,"10,000",목동신시가지11,1,60,22,66.24,,,325,11470,4
,1988,,,2020,신정동,"10,000",목동신시가지11,1,60,22,66.24,,,325,11470,4
,1988,,,2020,신정동,"39,000",목동신시가지11,1,0,22,66.24,,,325,11470,8
,1987,,,2020,신정동,"28,500",목동신시가지13,1,0,22,53.9,,,327,11470,15
,2000,,,2020,신정동,"40,000",목동우성2,1,0,22,84.96,,,337,11470,6
,1987,,,2020,신정동,"68,200",목동신시가지9,1,0,22,126.53,,,312,11470,2
,1987,,,2020,신정동,"75,000",목동신시가지9,1,0,22,106.93,,,312,11470,11
,1987,,,2020,신정동,"75,000",목동신시가지9,1,0,22,106.93,,,312,11470,11
,2002,,,2020,신정동,"34,000",푸른마을4,1,0,23,84.99,,,1285,11470,2
,2000,,,2020,신정동,"30,000",신트리4,1,0,23,59.73,,,1277,11470,9
,2000,,,2020,신정동,"39,000",목동우성2,1,0,23,84.96,,,337,11470,10
,2001,,,2020,신정동,"63,000",목동2삼성래미안,1,0,23,114.16,,,1295,11470,11
,2001,,,2020,신정동,"63,000",목동2삼성래미안,1,0,23,114.16,,,1295,11470,11
,2011,,,2020,신정동,"33,894",이펜하우스2단지,1,0,23,114.98,,,1322,11470,1
,1999,,,2020,신정동,"25,000",신트리1,1,0,23,59.73,,,1259,11470,14
,2000,,,2020,신정동,"45,000",신트리3,1,0,23,84.6,,,1276,11470,13
,1987,,,2020,신정동,"38,000",목동신시가지8,1,0,24,54.94,,,314,11470,7
,2004,,,2020,신정동,"100,000",목동삼성쉐르빌Ⅱ,1,0,25,164.98,,,318-12,11470,15
,1999,,,2020,신정동,"38,000",목동우성3,1,0,25,114.89,,,338,11470,3
,2019,,,2020,신정동,"10,000",목동파크자이(101동~108동),1,150,27,84.977,,,1325,11470,7
,2000,,,2020,신정동,"36,500",목동우성2,1,0,27,84.96,,,337,11470,6
,1988,,,2020,신정동,"42,000",목동신시가지14,1,0,28,74.19,,,329,11470,14
,1987,,,2020,신정동,"66,500",목동신시가지10,1,0,28,106.06,,,311,11470,5
,1987,,,2020,신정동,"67,000",목동신시가지10,1,0,28,105.58,,,311,11470,6
,1988,,,2020,신정동,"44,000",목동신시가지12,1,0,28,71.64,,,326,11470,15
,2004,,,2020,신정동,"28,000",대성유니드2차,1,0,28,59.95,,,1198-3,11470,7
,2000,,,2020,신정동,"2,081",목동2차우성,1,5,28,32.76,,,337-2,11470,8
,2011,,,2020,신정동,"23,907",이펜하우스2단지,1,0,28,114.98,,,1322,11470,3
,2000,,,2020,신정동,"30,000",신트리4,1,0,28,59.73,,,1277,11470,8
,1988,,,2020,신정동,"42,000",목동신시가지14,1,0,28,74.19,,,329,11470,14
,1988,,,2020,신정동,"45,500",목동신시가지14,1,0,28,74.19,,,329,11470,4
,1987,,,2020,신정동,"30,000",목동신시가지9,1,110,28,106.93,,,312,11470,13
,2000,,,2020,신정동,"38,325",목동우성2,1,0,28,84.96,,,337,11470,17
,1999,,,2020,신정동,"38,000",목동우성3,1,0,28,114.89,,,338,11470,3
,1988,,,2020,신정동,"21,000",목동신시가지11,1,0,28,51.48,,,325,11470,9
,1987,,,2020,신정동,"70,000",목동신시가지13,1,0,28,122.3,,,327,11470,3
,1987,,,2020,신정동,"34,200",목동신시가지8,1,0,29,54.94,,,314,11470,4
,2000,,,2020,신정동,815,목동2차우성,1,12,29,32.76,,,337-2,11470,7
,1992,,,2020,신정동,"38,500",쌍용,1,25,29,84.63,,,334,11470,9
,2000,,,2020,신정동,"43,000",목동우성2,1,0,29,113.91,,,337,11470,17
,2002,,,2020,신정동,"68,100",아이파크,1,0,29,84.88,,,1296,11470,19
,2002,,,2020,신정동,"68,100",아이파크,1,0,29,84.88,,,1296,11470,19
,2000,,,2020,신정동,"21,000",학마을1단지,1,0,29,49.99,,,1293,11470,14
,2003,,,2020,신정동,"27,000",일진아이윌,1,0,30,84.982,,,1218-1,11470,4
,2005,,,2020,신정동,"43,000",동일하이빌2단지,1,0,30,84.955,,,1311,11470,1
,1987,,,2020,신정동,"31,970",목동신시가지10,1,0,30,53.82,,,311,11470,11
,1987,,,2020,신정동,"85,000",목동신시가지10,1,0,30,127.21,,,311,11470,1
,1992,,,2020,신정동,"55,000",대림,1,0,30,84.89,,,333,11470,8
,1992,,,2020,신정동,"55,000",대림,1,0,30,84.89,,,333,11470,8
,1987,,,2020,신정동,"10,000",목동신시가지14,1,110,30,74.19,,,329,11470,10
,1992,,,2020,신정동,"50,000",청구,1,0,30,84.99,,,336,11470,5
,2000,,,2020,신정동,"24,000",신트리4,1,0,30,59.73,,,1277,11470,1
,2000,,,2020,신정동,"19,500",신트리4,1,0,30,49.08,,,1277,11470,2
,1999,,,2020,신정동,"32,000",신트리1,1,0,30,59.73,,,1259,11470,5
,2002,,,2020,신정동,"100,000",아이파크,1,0,30,114.756,,,1296,11470,5
,2001,,,2020,신정동,"22,000",푸른마을2,1,0,30,49.16,,,1281,11470,4
,2010,,,2020,신정동,"61,000",중앙하이츠,1,0,30,144.38,,,1314,11470,8
,2016,,,2020,신정동,"80,000",목동힐스테이트,1,0,30,84.88,,,1323,11470,16
,2003,,,2020,신정동,"30,000",보람쉬움,1,0,31,76.68,,,921-11,11470,15
,1988,,,2020,신정동,"20,000",목동신시가지12,1,28,31,53.46,,,326,11470,3
,1988,,,2020,신정동,"5,000",목동신시가지11,1,60,31,51.48,,,325,11470,5
,1987,,,2020,신정동,"5,000",목동신시가지14,1,80,31,55.02,,,329,11470,6
,1987,,,2020,신정동,"31,000",목동신시가지9,1,0,31,53.82,,,312,11470,8
,1987,,,2020,신정동,"32,000",목동신시가지10,1,0,31,53.82,,,311,11470,15
,1987,,,2020,신정동,"36,000",목동신시가지14,1,0,31,55.02,,,329,11470,11
,2006,,,2020,신정동,"36,000",프리우스,1,0,31,78.08,,,86-6,11470,9
,1997,,,2020,신정동,"69,000",목동현대3차,1,0,31,84.77,,,1279,11470,17
,1987,,,2020,신정동,"47,000",목동신시가지9,1,0,31,71.37,,,312,11470,3
,1987,,,2020,신정동,"95,000",목동신시가지9,1,0,31,156.84,,,312,11470,11
,1987,,,2020,신정동,"10,000",목동신시가지8,1,65,31,54.94,,,314,11470,20
,1997,,,2020,목동,"62,000",목동청구한신아파트,1,0,1,84.76,,,929,11470,13
,1986,,,2020,목동,"93,000",목동신시가지2,1,0,2,116.82,,,902,11470,12
,1986,,,2020,목동,"48,000",목동신시가지3,1,0,2,64.98,,,903,11470,10
,1986,,,2020,목동,"38,000",목동신시가지7,1,0,2,53.88,,,925,11470,8
,1997,,,2020,목동,"55,000",목동성원(926-8),1,0,2,84.31,,,926-8,11470,1
,1994,,,2020,목동,"30,000",목동대림,1,70,2,84.82,,,405,11470,6
,2003,,,2020,목동,"35,000",대원칸타빌2,1,60,2,84.98,,,941,11470,7
,1997,,,2020,목동,"65,000",목동청구한신아파트,1,0,2,84.76,,,929,11470,13
,1994,,,2020,목동,"30,000",건영,1,0,2,84.3,,,928,11470,2
,1985,,,2020,목동,"52,000",목동신시가지1,1,0,2,66,,,901,11470,7
,2000,,,2020,목동,"28,000",성원2,1,0,2,59.9,,,709-2,11470,11
,1985,,,2020,목동,"80,000",목동신시가지1,1,0,3,99.15,,,901,11470,4
,1986,,,2020,목동,"50,000",목동신시가지2,1,0,3,65.82,,,902,11470,3
,1986,,,2020,목동,"107,000",목동신시가지2,1,0,3,144,,,902,11470,10
,1986,,,2020,목동,"40,000",목동신시가지4,1,0,3,65.34,,,904,11470,13
,1986,,,2020,목동,"70,000",목동신시가지4,1,0,3,95.67,,,904,11470,3
,1997,,,2020,목동,"65,000",목동청구한신아파트,1,0,3,84.76,,,929,11470,8
,1986,,,2020,목동,"50,000",목동신시가지2,1,100,3,97.92,,,902,11470,4
,1997,,,2020,목동,"2,345",목동현대아파트(931),1,3,3,32.76,,,931,11470,6
,1986,,,2020,목동,"46,500",목동신시가지7,1,0,3,66.6,,,925,11470,14
,1986,,,2020,목동,"30,000",목동신시가지7,1,50,3,66.6,,,925,11470,12
,2018,,,2020,목동,"1,000",어바니엘,1,72,3,18.67,,,514-18,11470,9
,2015,,,2020,목동,"70,000",목동센트럴푸르지오,1,160,4,110.3387,,,404-13,11470,11
,1986,,,2020,목동,"47,000",목동신시가지6,1,0,4,65.1,,,911,11470,19
,2005,,,2020,목동,"5,000",롯데캐슬위너,1,130,4,59.98,,,956,11470,2
,1986,,,2020,목동,"32,000",목동신시가지6,1,0,4,47.94,,,911,11470,15
,1986,,,2020,목동,"70,000",목동신시가지5,1,30,4,95.06,,,912,11470,5
,1986,,,2020,목동,"47,500",목동신시가지5,1,0,4,65.08,,,912,11470,3
,1985,,,2020,목동,"40,000",목동신시가지1,1,0,4,51.48,,,901,11470,14
,1994,,,2020,목동,"32,000",건영,1,0,4,84.3,,,928,11470,10
,1986,,,2020,목동,"75,000",목동신시가지4,1,0,4,96.36,,,904,11470,14
,1986,,,2020,목동,"75,000",목동신시가지6,1,0,4,95.03,,,911,11470,6
,1988,,,2020,목동,"35,000",목동신시가지7,1,0,4,53.88,,,925,11470,11
,1997,,,2020,목동,"68,000",목동청구한신아파트,1,0,4,84.77,,,929,11470,2
,1986,,,2020,목동,"73,000",목동신시가지7,1,0,4,74.12,,,925,11470,3
,1986,,,2020,목동,"35,500",목동신시가지7,1,0,4,53.88,,,925,11470,1
,1986,,,2020,목동,"49,000",목동신시가지3,1,0,4,64.98,,,903,11470,7
,1986,,,2020,목동,"75,000",목동신시가지3,1,0,4,95.74,,,903,11470,2
,1986,,,2020,목동,"30,000",목동신시가지2,1,145,4,95.22,,,902,11470,3
,1994,,,2020,목동,"61,000",목동대림,1,0,4,84.82,,,405,11470,13
,2007,,,2020,목동,"10,000",목동노블레스,1,100,4,65.86,,,945,11470,1
,1985,,,2020,목동,"49,000",목동신시가지1,1,0,5,65.34,,,901,11470,12
,1997,,,2020,목동,"10,500",목동청구한신아파트,1,150,5,84.77,,,929,11470,6
,1988,,,2020,목동,"3,000",목동신시가지7,1,100,5,53.88,,,925,11470,5
,1986,,,2020,목동,"55,000",목동신시가지7,1,0,5,66.6,,,925,11470,12
,1985,,,2020,목동,"10,000",목동신시가지1,1,170,5,98.08,,,901,11470,5
,2005,,,2020,목동,"53,000",롯데캐슬위너,1,0,6,84.98,,,956,11470,5
,2015,,,2020,목동,"28,506",목동센트럴푸르지오,1,0,6,57.9172,,,404-13,11470,3
,1986,,,2020,목동,"33,000",목동신시가지6,1,12,6,47.94,,,911,11470,3
,1986,,,2020,목동,"33,000",목동신시가지6,1,0,6,47.94,,,911,11470,6
,1995,,,2020,목동,"38,000",금호아파트(768),1,0,6,84.92,,,768-5,11470,12
,1988,,,2020,목동,"4,500",목동신시가지7,1,100,6,53.88,,,925,11470,9
,1986,,,2020,목동,"27,000",목동신시가지6,1,15,6,47.94,,,911,11470,9
,2009,,,2020,목동,"140,000",트라팰리스이스턴에비뉴,1,0,6,124.95,,,962-1,11470,14
,1986,,,2020,목동,"75,000",목동신시가지4,1,0,7,95.34,,,904,11470,15
,1986,,,2020,목동,"48,000",목동신시가지2,1,0,7,65.82,,,902,11470,10
,2006,,,2020,목동,"50,000",신한이모르젠,1,0,7,112.51,,,960,11470,10
,2006,,,2020,목동,"75,000",목동이-편한세상,1,0,7,156.54,,,950,11470,10
,2006,,,2020,목동,"75,000",목동이-편한세상,1,0,7,84.93,,,950,11470,7
,2005,,,2020,목동,"51,000",롯데캐슬위너,1,0,7,59.98,,,956,11470,18
,1986,,,2020,목동,"37,000",목동신시가지4,1,0,7,47.25,,,904,11470,3
,1986,,,2020,목동,"76,000",목동신시가지3,1,0,7,95.16,,,903,11470,11
,1986,,,2020,목동,"30,000",목동신시가지2,1,150,7,122.31,,,902,11470,3
,1986,,,2020,목동,"45,000",목동신시가지2,1,4,7,65.82,,,902,11470,1
,2005,,,2020,목동,"45,000",명지해드는터,1,0,7,84.82,,,957,11470,7
,1986,,,2020,목동,"39,000",목동신시가지7,1,0,7,59.39,,,925,11470,5
,1986,,,2020,목동,"22,000",목동신시가지7,1,50,7,59.39,,,925,11470,1
,1986,,,2020,목동,"15,000",목동신시가지4,1,45,7,48.69,,,904,11470,1
,2003,,,2020,목동,"58,000",대원칸타빌2,1,0,7,84.98,,,941,11470,7
,1992,,,2020,목동,"61,000",우성,1,0,8,84.44,,,200,11470,2
,1994,,,2020,목동,"62,000",목동대림,1,0,8,84.82,,,405,11470,16
,1986,,,2020,목동,"2,000",목동신시가지6,1,120,8,95.03,,,911,11470,4
,1986,,,2020,목동,"98,000",목동신시가지2,1,0,8,152.64,,,902,11470,4
,1995,,,2020,목동,"35,000",금호아파트(768),1,0,8,84.92,,,768-5,11470,1
,1997,,,2020,목동,"64,000",목동청구한신아파트,1,0,8,84.77,,,929,11470,2
,2003,,,2020,목동,"40,000",목동길성그랑프리텔,1,0,9,77.9337,,,739-5,11470,7
,2003,,,2020,목동,"25,000",세종그랑시아,1,60,9,80.03,,,722-5,11470,13
,1997,,,2020,목동,"60,000",목동청구한신아파트,1,0,9,84.76,,,929,11470,11
,1986,,,2020,목동,"80,000",목동신시가지4,1,0,9,95.67,,,904,11470,5
,1991,,,2020,목동,"80,000",벽산,1,0,9,84.71,,,926-7,11470,9
,1986,,,2020,목동,"3,000",목동신시가지6,1,100,9,47.94,,,911,11470,19
,1986,,,2020,목동,"60,000",목동신시가지7,1,0,9,66.6,,,925,11470,5
,1985,,,2020,목동,"70,000",목동신시가지1,1,0,9,99.15,,,901,11470,4
,1985,,,2020,목동,"76,000",목동신시가지1,1,0,9,99.15,,,901,11470,3
,2003,,,2020,목동,"60,000",대원칸타빌2,1,0,9,84.98,,,941,11470,8
,1986,,,2020,목동,"65,000",목동신시가지7,1,0,10,66.6,,,925,11470,10
,2003,,,2020,목동,"35,000",목동길성그랑프리텔,1,0,10,77.9337,,,739-5,11470,13
,2009,,,2020,목동,"100,000",트라팰리스웨스턴에비뉴,1,220,10,127.65,,,962,11470,15
,1992,,,2020,목동,"40,000",우성,1,60,10,84.63,,,200,11470,5
,1997,,,2020,목동,"62,000",목동청구한신아파트,1,0,10,84.77,,,929,11470,1
,1997,,,2020,목동,"62,000",목동청구한신아파트,1,0,10,84.77,,,929,11470,1
,1986,,,2020,목동,"45,000",목동신시가지7,1,0,10,66.6,,,925,11470,10
,1986,,,2020,목동,"47,000",목동신시가지6,1,0,10,65.1,,,911,11470,4
,1986,,,2020,목동,"52,000",목동신시가지2,1,0,10,65.25,,,902,11470,2
,1986,,,2020,목동,"50,000",목동신시가지2,1,85,10,97.92,,,902,11470,8
,1986,,,2020,목동,"46,000",목동신시가지3,1,0,10,64.98,,,903,11470,6
,1986,,,2020,목동,"35,000",목동신시가지7,1,0,10,59.39,,,925,11470,1
,1998,,,2020,목동,"43,000",진도1,1,0,10,59.84,,,935,11470,16
,2004,,,2020,목동,"34,000",웨스트빌,1,0,10,81.785,,,949,11470,6
,2005,,,2020,목동,"45,000",목동미소래,1,0,10,84.95,,,958,11470,5
,1986,,,2020,목동,"83,000",목동신시가지4,1,0,10,115.65,,,904,11470,6
,1986,,,2020,목동,"85,000",목동신시가지7,1,0,10,101.2,,,925,11470,7
,1986,,,2020,목동,"3,000",목동신시가지7,1,0,10,59.39,,,925,11470,1
,1985,,,2020,목동,"50,000",목동신시가지1,1,0,10,66,,,901,11470,7
,1986,,,2020,목동,"50,000",목동신시가지2,1,0,11,122.31,,,902,11470,2
,2003,,,2020,목동,"44,750",대원칸타빌2,1,0,11,84.98,,,941,11470,2
,1986,,,2020,목동,"40,000",목동신시가지3,1,0,11,64.98,,,903,11470,3
,2018,,,2020,목동,"1,000",어바니엘,1,64,11,14.52,,,514-18,11470,9
,1986,,,2020,목동,"50,000",목동신시가지3,1,0,11,64.98,,,903,11470,6
,1986,,,2020,목동,"31,000",목동신시가지4,1,0,11,48.69,,,904,11470,4
,1986,,,2020,목동,"55,000",목동신시가지5,1,0,11,65.08,,,912,11470,15
,1986,,,2020,목동,"5,000",목동신시가지7,1,100,11,59.39,,,925,11470,3
,1988,,,2020,목동,"35,000",목동신시가지7,1,50,11,66.6,,,925,11470,7
,1986,,,2020,목동,"49,000",목동신시가지4,1,0,11,67.58,,,904,11470,10
,1986,,,2020,목동,"36,000",목동신시가지7,1,0,11,53.88,,,925,11470,10
,2002,,,2020,목동,"40,000",목동금호베스트빌,1,0,11,125.37,,,549,11470,1
,2003,,,2020,목동,"58,000",대원칸타빌2,1,0,11,84.98,,,941,11470,2
,1997,,,2020,목동,"85,000",금호1,1,0,12,84.96,,,934,11470,7
,1986,,,2020,목동,"50,000",목동신시가지2,1,0,12,65.25,,,902,11470,7
,1986,,,2020,목동,"50,000",목동신시가지6,1,0,13,65.1,,,911,11470,10
,1997,,,2020,목동,"75,000",목동청구한신아파트,1,0,13,84.76,,,929,11470,10
,1986,,,2020,목동,"50,000",목동신시가지3,1,60,13,95.16,,,903,11470,4
,2004,,,2020,목동,"38,000",목동휘버스I,1,0,13,84.79,,,729-12,11470,5
,2004,,,2020,목동,"20,000",목동2차아이파크,1,130,13,84.85,,,758-2,11470,9
,2001,,,2020,목동,"63,000",대원칸타빌,1,0,13,81.233,,,808-5,11470,6
,1986,,,2020,목동,"30,000",목동신시가지6,1,0,13,47.94,,,911,11470,8
,1985,,,2020,목동,"75,000",목동신시가지1,1,0,13,91.26,,,901,11470,9
,2009,,,2020,목동,"90,000",트라팰리스이스턴에비뉴,1,250,13,127.65,,,962-1,11470,31
,1986,,,2020,목동,"70,000",목동신시가지5,1,0,13,95.28,,,912,11470,2
,1986,,,2020,목동,"70,000",목동신시가지5,1,0,13,95.06,,,912,11470,5
,1986,,,2020,목동,"47,000",목동신시가지2,1,0,13,65.25,,,902,11470,4
,1988,,,2020,목동,"91,000",목동신시가지7,1,0,13,101.2,,,925,11470,10
,1988,,,2020,목동,"37,500",목동신시가지7,1,0,13,53.88,,,925,11470,9
,2006,,,2020,목동,"75,000",하이페리온2,1,190,14,136.081,,,961,11470,18
,2005,,,2020,목동,"70,000",롯데캐슬위너,1,0,14,156.25,,,956,11470,1
,1986,,,2020,목동,"30,000",목동신시가지4,1,0,14,47.25,,,904,11470,4
,1986,,,2020,목동,"30,000",목동신시가지4,1,0,14,47.25,,,904,11470,4
,1986,,,2020,목동,"100,000",목동신시가지3,1,0,14,122.35,,,903,11470,3
,1992,,,2020,목동,"57,000",우성,1,0,14,84.44,,,200,11470,14
,2000,,,2020,목동,"79,000",목동트윈빌,1,0,14,162.3,,,905-22,11470,17
,2004,,,2020,목동,"43,000",금호어울림,1,50,14,133.03,,,951,11470,10
,1988,,,2020,목동,"20,000",목동신시가지7,1,50,14,53.88,,,925,11470,2
,1986,,,2020,목동,"43,000",목동신시가지2,1,0,14,65.25,,,902,11470,13
,1985,,,2020,목동,"38,000",목동신시가지1,1,0,14,51.48,,,901,11470,12
,1986,,,2020,목동,"55,000",목동신시가지7,1,80,14,101.2,,,925,11470,11
,1986,,,2020,목동,"70,000",목동신시가지4,1,0,14,96.36,,,904,11470,9
,1985,,,2020,목동,"82,000",목동신시가지1,1,0,14,98.08,,,901,11470,2
,2015,,,2020,목동,"53,778",목동센트럴푸르지오,1,0,14,110.3387,,,404-13,11470,21
,1986,,,2020,목동,"36,000",목동신시가지6,1,0,14,47.94,,,911,11470,9
,1985,,,2020,목동,"85,000",목동신시가지1,1,0,15,123.19,,,901,11470,1
,1985,,,2020,목동,"31,500",목동신시가지1,1,0,15,47.52,,,901,11470,14
,1988,,,2020,목동,"5,000",목동신시가지7,1,120,15,66.6,,,925,11470,10
,1996,,,2020,목동,"65,000",현대,1,0,15,83.16,,,930,11470,6
,2003,,,2020,목동,"65,000",월드메르디앙3,1,0,15,84.95,,,947,11470,5
,2005,,,2020,목동,"55,000",롯데캐슬위너,1,0,15,84.94,,,956,11470,9
,1986,,,2020,목동,"32,000",목동신시가지6,1,0,15,47.94,,,911,11470,20
,1986,,,2020,목동,"55,000",목동신시가지6,1,0,15,65.1,,,911,11470,5
,1988,,,2020,목동,"43,000",목동신시가지7,1,0,15,66.6,,,925,11470,3
,1988,,,2020,목동,"23,000",목동신시가지7,1,70,15,66.6,,,925,11470,11
,1986,,,2020,목동,"77,000",목동신시가지7,1,0,15,101.2,,,925,11470,14
,1988,,,2020,목동,"47,000",목동신시가지7,1,0,15,66.6,,,925,11470,15
,1986,,,2020,목동,"34,000",목동신시가지7,1,0,15,53.88,,,925,11470,13
,1986,,,2020,목동,"78,500",목동신시가지7,1,0,15,101.2,,,925,11470,11
,1986,,,2020,목동,"43,000",목동신시가지4,1,0,15,67.58,,,904,11470,12
,1986,,,2020,목동,"51,000",목동신시가지5,1,0,15,65.08,,,912,11470,15
,1999,,,2020,목동,"90,000",목동가든스위트,1,0,16,219.61,,,907-5,11470,6
,1986,,,2020,목동,"28,350",목동신시가지6,1,0,16,47.94,,,911,11470,2
,2004,,,2020,목동,"74,000",금호어울림,1,0,16,133.03,,,951,11470,4
,1986,,,2020,목동,"5,000",목동신시가지7,1,100,16,59.39,,,925,11470,3
,1986,,,2020,목동,"58,000",목동신시가지7,1,0,16,66.6,,,925,11470,14
,1997,,,2020,목동,"68,000",목동청구한신아파트,1,0,16,84.76,,,929,11470,9
,2005,,,2020,목동,"65,000",롯데캐슬위너,1,0,16,114.75,,,956,11470,15
,2018,,,2020,목동,"1,000",어바니엘,1,70,16,18.46,,,514-18,11470,6
,2009,,,2020,목동,"150,000",트라팰리스이스턴에비뉴,1,0,16,146.1,,,962-1,11470,16
,1994,,,2020,목동,"31,000",건영,1,0,16,84.3,,,928,11470,5
,1986,,,2020,목동,"27,000",목동신시가지6,1,0,16,47.94,,,911,11470,2
,1985,,,2020,목동,"51,000",목동신시가지1,1,0,16,65.34,,,901,11470,8
,2004,,,2020,목동,"74,000",금호어울림,1,0,16,133.03,,,951,11470,4
,2003,,,2020,목동,"65,000",대원칸타빌2,1,0,17,83.72,,,941,11470,11
,1997,,,2020,목동,"94,000",목동성원(926-8),1,0,17,114.95,,,926-8,11470,13
,1986,,,2020,목동,"39,000",목동신시가지3,1,20,17,64.98,,,903,11470,10
,2000,,,2020,목동,"41,000",성원2,1,0,17,77.17,,,709-2,11470,3
,1998,,,2020,목동,"70,000",진도1,1,0,17,112.83,,,935,11470,2
,2006,,,2020,목동,"140,000",하이페리온2,1,0,17,155.586,,,961,11470,5
,2009,,,2020,목동,"50,000",트라팰리스웨스턴에비뉴,1,310,17,124.95,,,962,11470,17
,2001,,,2020,목동,"40,000",월드메르디앙,1,0,17,84.1969,,,750-5,11470,2
,1986,,,2020,목동,"49,000",목동신시가지4,1,0,17,65.34,,,904,11470,10
,2000,,,2020,목동,"50,000",성원2,1,0,17,114.57,,,709-2,11470,1
,1986,,,2020,목동,"30,000",목동신시가지2,1,30,18,122.31,,,902,11470,2
,1992,,,2020,목동,"62,000",우성,1,0,18,84.44,,,200,11470,15
,1997,,,2020,목동,"20,000",목동현대1,1,110,18,59.9,,,932,11470,5
,1997,,,2020,목동,"63,000",목동성원(926-8),1,0,18,84.31,,,926-8,11470,14
,1997,,,2020,목동,"69,000",삼익,1,0,18,84.88,,,933,11470,17
,1986,,,2020,목동,"45,000",목동신시가지7,1,0,18,64.4,,,925,11470,1
,1988,,,2020,목동,"33,000",목동신시가지7,1,0,18,53.88,,,925,11470,9
,1988,,,2020,목동,"33,000",목동신시가지7,1,0,18,53.88,,,925,11470,9
,1988,,,2020,목동,"57,000",목동신시가지7,1,0,18,66.6,,,925,11470,8
,1988,,,2020,목동,"35,000",목동신시가지7,1,10,18,53.88,,,925,11470,11
,1988,,,2020,목동,"39,000",목동신시가지7,1,0,18,53.88,,,925,11470,2
,1988,,,2020,목동,"50,000",목동신시가지7,1,60,18,101.2,,,925,11470,14
,1986,,,2020,목동,"52,000",목동신시가지5,1,0,18,65.08,,,912,11470,3
,1986,,,2020,목동,"53,000",목동신시가지6,1,0,18,65.1,,,911,11470,15
,1997,,,2020,목동,"60,000",목동청구한신아파트,1,0,18,84.77,,,929,11470,1
,1986,,,2020,목동,"50,400",목동신시가지3,1,0,18,64.98,,,903,11470,13
,2002,,,2020,목동,"27,000",청학,1,0,18,34.15,,,938,11470,2
,2004,,,2020,목동,"35,000",웨스트빌,1,0,18,59.268,,,949,11470,3
,1986,,,2020,목동,"45,000",목동신시가지3,1,0,18,64.98,,,903,11470,5
,2002,,,2020,목동,"68,000",신동아파밀리에,1,0,18,118.5154,,,772-7,11470,7
,1998,,,2020,목동,"46,000",진도1,1,70,18,112.56,,,935,11470,5
,1986,,,2020,목동,"45,000",목동신시가지5,1,0,18,65.08,,,912,11470,15
,1985,,,2020,목동,"48,000",목동신시가지1,1,0,18,66,,,901,11470,6
,1985,,,2020,목동,"46,000",목동신시가지1,1,0,18,66,,,901,11470,10
,1986,,,2020,목동,"36,000",목동신시가지6,1,0,18,47.94,,,911,11470,13
,1986,,,2020,목동,"52,000",목동신시가지5,1,0,18,65.08,,,912,11470,3
,1986,,,2020,목동,"63,000",목동신시가지4,1,20,18,94.86,,,904,11470,1
,1986,,,2020,목동,"46,000",목동신시가지3,1,0,18,64.98,,,903,11470,4
,1986,,,2020,목동,"80,000",목동신시가지3,1,0,18,95.74,,,903,11470,1
,1985,,,2020,목동,"50,000",목동신시가지1,1,40,19,96.9,,,901,11470,1
,1986,,,2020,목동,"39,000",목동신시가지3,1,10,19,64.98,,,903,11470,9
,2006,,,2020,목동,"140,000",하이페리온2,1,0,19,136.082,,,961,11470,8
,1986,,,2020,목동,"47,200",목동신시가지5,1,0,20,65.08,,,912,11470,14
,1986,,,2020,목동,"45,000",목동신시가지5,1,0,20,65.08,,,912,11470,14
,1986,,,2020,목동,"86,000",목동신시가지2,1,0,20,116.82,,,902,11470,2
,1986,,,2020,목동,"38,000",목동신시가지7,1,65,20,74.12,,,925,11470,3
,1988,,,2020,목동,"45,000",목동신시가지7,1,25,20,66.6,,,925,11470,5
,1986,,,2020,목동,"40,000",목동신시가지7,1,0,20,66.6,,,925,11470,9
,2004,,,2020,목동,"15,000",웨스트빌,1,40,20,59.268,,,949,11470,1
,1985,,,2020,목동,"48,000",목동신시가지1,1,0,20,65.34,,,901,11470,12
,1999,,,2020,목동,"100,000",부영그린타운1,1,0,20,133.36,,,907-12,11470,9
,1998,,,2020,목동,"72,000",진도1,1,0,20,84.96,,,935,11470,9
,1986,,,2020,목동,"41,500",목동신시가지3,1,0,20,64.98,,,903,11470,10
,1999,,,2020,목동,"38,000",목동성원초원,1,0,20,59.9,,,751-4,11470,2
,2002,,,2020,목동,"43,000",목동금호베스트빌,1,0,20,84.25,,,549,11470,12
,2006,,,2020,목동,"140,000",하이페리온2,1,0,20,133.363,,,961,11470,29
,1986,,,2020,목동,"70,000",목동신시가지2,1,0,20,95.76,,,902,11470,3
,1986,,,2020,목동,"24,000",목동신시가지6,1,25,21,47.94,,,911,11470,5
,1986,,,2020,목동,"38,000",목동신시가지4,1,0,21,47.25,,,904,11470,13
,1997,,,2020,목동,"60,500",목동청구한신아파트,1,0,21,84.76,,,929,11470,9
,1986,,,2020,목동,"15,000",목동신시가지7,1,100,21,66.6,,,925,11470,1
,1986,,,2020,목동,"49,000",목동신시가지7,1,0,21,66.6,,,925,11470,8
,1986,,,2020,목동,"49,350",목동신시가지3,1,0,21,64.98,,,903,11470,6
,1986,,,2020,목동,"35,000",목동신시가지6,1,55,21,65.1,,,911,11470,10
,1985,,,2020,목동,"10,000",목동신시가지1,1,70,21,47.52,,,901,11470,4
,2015,,,2020,목동,"53,778",목동센트럴푸르지오,1,0,21,110.3387,,,404-13,11470,9
,1986,,,2020,목동,"47,000",목동신시가지2,1,0,21,65.25,,,902,11470,13
,2005,,,2020,목동,"54,000",롯데캐슬위너,1,0,21,84.94,,,956,11470,4
,2003,,,2020,목동,"30,000",목동효성,1,85,21,111.33,,,539-4,11470,12
,1998,,,2020,목동,"70,000",극동늘푸른,1,0,21,114.65,,,752-1,11470,12
,2005,,,2020,목동,"74,000",롯데캐슬위너,1,0,22,135.85,,,956,11470,2
,1997,,,2020,목동,"40,000",목동청구한신아파트,1,100,22,84.76,,,929,11470,12
,2019,,,2020,목동,"5,000",목동롯데캐슬마에스트로,1,150,22,59.984,,,965,11470,6
,1986,,,2020,목동,"49,000",목동신시가지5,1,0,22,65.08,,,912,11470,3
,2000,,,2020,목동,"53,000",목동성원,1,30,22,114.94,,,763-1,11470,12
,2002,,,2020,목동,"10,000",스카이빌아파트,1,130,22,84.51,,,772-11,11470,4
,2000,,,2020,목동,"42,000",목동성원,1,0,22,59.85,,,763-1,11470,1
,2000,,,2020,목동,"27,000",보경,1,0,23,82.4,,,729-4,11470,1
,2005,,,2020,목동,"39,000",목동동화옥시죤-7,1,0,23,84.82,,,747-12,11470,5
,1986,,,2020,목동,"5,000",목동신시가지6,1,95,23,47.94,,,911,11470,7
,1986,,,2020,목동,"30,000",목동신시가지6,1,0,23,47.94,,,911,11470,19
,2011,,,2020,목동,"42,000",엘리온,1,0,23,64.432,,,803-2,11470,7
,1986,,,2020,목동,"30,000",목동신시가지7,1,60,23,66.6,,,925,11470,2
,1986,,,2020,목동,"83,000",목동신시가지5,1,0,23,115.47,,,912,11470,5
,1985,,,2020,목동,"30,000",목동신시가지1,1,0,23,66,,,901,11470,5
,1988,,,2020,목동,"49,000",목동신시가지7,1,0,23,66.6,,,925,11470,3
,1986,,,2020,목동,"15,000",목동신시가지7,1,63,23,53.88,,,925,11470,5
,1997,,,2020,목동,"71,000",삼익,1,0,23,84.88,,,933,11470,14
,1986,,,2020,목동,"84,000",목동신시가지6,1,0,23,95.03,,,911,11470,11
,2006,,,2020,목동,"22,000",하이페리온2,1,0,24,155.586,,,961,11470,2
,1997,,,2020,목동,"55,000",목동청구한신아파트,1,0,27,84.76,,,929,11470,14
,1986,,,2020,목동,"43,000",목동신시가지7,1,0,28,64.4,,,925,11470,1
,1998,,,2020,목동,"52,500",극동늘푸른,1,0,28,84.21,,,752-1,11470,13
,1986,,,2020,목동,"90,000",목동신시가지3,1,0,28,153.58,,,903,11470,4
,1985,,,2020,목동,"77,000",목동신시가지1,1,0,28,90.06,,,901,11470,11
,1988,,,2020,목동,"35,000",목동신시가지7,1,0,28,53.88,,,925,11470,1
,1988,,,2020,목동,"58,000",목동신시가지7,1,0,28,66.6,,,925,11470,5
,1999,,,2020,목동,"73,000",진도2,1,0,28,84.75,,,936,11470,5
,1997,,,2020,목동,"62,000",목동청구한신아파트,1,0,28,84.76,,,929,11470,11
,1988,,,2020,목동,"89,000",목동신시가지7,1,0,28,101.2,,,925,11470,8
,1986,,,2020,목동,"60,000",목동신시가지4,1,0,29,95.67,,,904,11470,3
,1985,,,2020,목동,"25,000",목동신시가지1,1,60,29,65.34,,,901,11470,11
,1986,,,2020,목동,"70,000",목동신시가지5,1,0,29,95.06,,,912,11470,4
,1986,,,2020,목동,"70,000",목동신시가지7,1,0,29,74.12,,,925,11470,4
,1986,,,2020,목동,"35,000",목동신시가지2,1,25,29,65.25,,,902,11470,3
,1986,,,2020,목동,"33,500",목동신시가지6,1,0,29,47.94,,,911,11470,18
,1988,,,2020,목동,"40,000",목동신시가지7,1,0,29,59.39,,,925,11470,2
,1997,,,2020,목동,"53,000",목동성원(926-8),1,0,29,58.05,,,926-8,11470,12
,1986,,,2020,목동,"73,000",목동신시가지3,1,0,29,95.03,,,903,11470,4
,1986,,,2020,목동,"50,000",목동신시가지4,1,45,29,95.27,,,904,11470,2
,2015,,,2020,목동,"53,778",목동센트럴푸르지오,1,0,30,110.3387,,,404-13,11470,14
,1986,,,2020,목동,"30,000",목동신시가지4,1,65,30,65.34,,,904,11470,9
,1985,,,2020,목동,"46,000",목동신시가지1,1,0,30,66,,,901,11470,11
,2000,,,2020,목동,"50,000",목동트윈빌,1,45,30,108.06,,,905-22,11470,12
,1988,,,2020,목동,"20,000",목동신시가지7,1,50,30,53.88,,,925,11470,4
,2005,,,2020,목동,"48,000",롯데캐슬위너,1,0,30,59.98,,,956,11470,14
,2005,,,2020,목동,"38,000",웨스트빌(102동),1,0,30,81.216,,,954,11470,8
,1988,,,2020,목동,"50,000",목동신시가지7,1,70,30,101.2,,,925,11470,7
,1986,,,2020,목동,"52,000",목동신시가지7,1,0,30,66.6,,,925,11470,13
,1986,,,2020,목동,"6,000",목동신시가지6,1,80,30,47.94,,,911,11470,10
,1986,,,2020,목동,"100,000",목동신시가지4,1,0,30,142.2,,,904,11470,10
,1986,,,2020,목동,"41,000",목동신시가지3,1,0,30,64.98,,,903,11470,3
,2003,,,2020,목동,"63,000",대원칸타빌2,1,0,30,84.98,,,941,11470,13
,1986,,,2020,목동,"40,000",목동신시가지2,1,100,30,95.22,,,902,11470,3
,2003,,,2020,목동,"59,000",대원칸타빌2,1,0,30,84.98,,,941,11470,5
,1999,,,2020,목동,"49,000",진도2,1,0,31,59.46,,,936,11470,3
,1997,,,2020,목동,"100,000",금호1,1,0,31,114.78,,,934,11470,12
,1986,,,2020,목동,"69,000",목동신시가지7,1,0,31,74.12,,,925,11470,4
,2002,,,2020,목동,"5,000",연지프로빌,1,100,31,78.58,,,405-300,11470,2
,2002,,,2020,목동,"5,000",연지프로빌,1,100,31,78.58,,,405-300,11470,2
,1985,,,2020,목동,"77,000",목동신시가지1,1,0,31,98.08,,,901,11470,5
,1986,,,2020,목동,"25,000",목동신시가지5,1,60,31,65.08,,,912,11470,2
,1994,,,2020,목동,"31,000",건영,1,0,31,84.33,,,928,11470,8
,1985,,,2020,목동,"75,000",목동신시가지1,1,0,31,90.06,,,901,11470,5
,1985,,,2020,목동,"36,000",목동신시가지1,1,0,31,51.48,,,901,11470,3
,2002,,,2020,목동,"52,000",스카이빌아파트,1,0,31,84.51,,,772-11,11470,13
,2012,,,2020,신월동,"40,000",신정두산위브,1,0,2,84.22,,,1055,11470,17
,2020,,,2020,신월동,"35,000",목동센트럴아이파크위브4단지,1,50,3,84.98,,,1078,11470,19
,2019,,,2020,신월동,"12,000",양천홈타운1차,1,15,3,25.99,,,456-1,11470,4
,1988,,,2020,신월동,"3,000",신월시영,1,65,3,59.49,,,987-1,11470,4
,2006,,,2020,신월동,"22,000",삼익플라주,1,0,3,60.873,,,1042,11470,1
,2020,,,2020,신월동,"35,000",목동센트럴아이파크위브2단지,1,0,4,59.68,,,1076,11470,6
,1987,,,2020,신월동,"10,000",신안파크,1,0,4,47.6,,,350-2,11470,4
,1988,,,2020,신월동,"2,000",신월시영,1,50,4,43.2,,,987-1,11470,7
,1985,,,2020,신월동,"26,500",신안약수,1,0,4,87.17,,,591-1,11470,7
,1988,,,2020,신월동,"16,000",신월시영,1,0,4,50.67,,,987-1,11470,6
,1988,,,2020,신월동,"15,000",신월시영,1,0,4,43.2,,,987-1,11470,6
,2019,,,2020,신월동,"15,000",양천홈타운1차,1,0,4,26.6,,,456-1,11470,5
,2020,,,2020,신월동,"45,000",목동센트럴아이파크위브2단지,1,0,4,84.98,,,1076,11470,4
,2014,,,2020,신월동,"43,000",롯데캐슬,1,0,4,84.984,,,1063,11470,5
,2001,,,2020,신월동,"34,000",신월대림,1,0,4,59.73,,,491-1,11470,1
,2003,,,2020,신월동,"23,000",제일캐슬,1,0,4,59.99,,,494-8,11470,1
,2004,,,2020,신월동,"34,000",대주파크빌,1,0,4,84.89,,,1028,11470,3
,2010,,,2020,신월동,"10,000",롯데캐슬(1057-0),1,100,5,70.91,,,1057,11470,5
,2014,,,2020,신월동,"36,000",롯데캐슬,1,0,6,59.474,,,1063,11470,12
,2006,,,2020,신월동,"30,000",삼익2차플라주,1,0,6,79.09,,,1046,11470,6
,2004,,,2020,신월동,"27,000",동양브로미(102동)B,1,0,6,83.94,,,492-23,11470,1
,1987,,,2020,신월동,"18,000",신안파크,1,0,6,72.97,,,350-2,11470,3
,2014,,,2020,신월동,"5,000",롯데캐슬,1,110,7,59.474,,,1063,11470,8
,1987,,,2020,신월동,"12,000",신안파크,1,0,7,56.78,,,350-2,11470,1
,1987,,,2020,신월동,"12,000",신안파크,1,0,7,56.78,,,350-2,11470,1
,2006,,,2020,신월동,"29,000",양천벽산블루밍2단지,1,0,7,59.98,,,1027,11470,5
,2006,,,2020,신월동,"35,000",양천벽산블루밍1단지,1,0,8,84.77,,,1026,11470,6
,2013,,,2020,신월동,"33,000",삼익플라주행복한마을,1,0,8,84.97,,,1068,11470,9
,1985,,,2020,신월동,"23,000",신안약수,1,0,8,68,,,591-1,11470,3
,1998,,,2020,신월동,"26,000",태진,1,0,8,84.87,,,467-3,11470,5
,1988,,,2020,신월동,"18,500",신월시영,1,0,8,50.67,,,987-1,11470,6
,1998,,,2020,신월동,"17,800",금강,1,0,8,59.4,,,207-24,11470,6
,2012,,,2020,신월동,"37,000",신정두산위브,1,0,8,84.22,,,1055,11470,4
,2003,,,2020,신월동,"27,000",대방샤인힐,1,0,9,72.974,,,1017,11470,11
,2006,,,2020,신월동,"27,000",양천벽산블루밍1단지,1,0,9,59.98,,,1026,11470,2
,2003,,,2020,신월동,"18,000",엘림,1,0,9,62.39,,,485-11,11470,3
,2020,,,2020,신월동,"35,000",목동센트럴아이파크위브3단지,1,0,9,59.88,,,1077,11470,8
,1986,,,2020,신월동,"26,000",신안약수,1,0,10,84.56,,,591-1,11470,2
,1988,,,2020,신월동,"17,000",신월시영,1,0,10,50.67,,,987-1,11470,6
,2008,,,2020,신월동,"39,000",수명산롯데캐슬,1,0,10,84.96,,,1036,11470,6
,1988,,,2020,신월동,"10,000",우정,1,0,10,62.24,,,350-3,11470,5
,2003,,,2020,신월동,"30,000",보람쉬움1,1,0,10,69.91,,,416-1,11470,15
,1988,,,2020,신월동,"10,000",우정,1,0,10,62.24,,,350-3,11470,5
,1993,,20.01~22.01,2020,신월동,"5,000",은하아파트,1,0,10,76.33,,,140-23,11470,2
,2002,,,2020,신월동,"23,000",탑건위너빌,1,0,10,77.45,,,418-4,11470,2
,2003,,,2020,신월동,"33,000",벽산블루밍1단지,1,0,11,84.0145,,,1022,11470,1
,2003,,,2020,신월동,"33,000",벽산블루밍1단지,1,0,11,84.0145,,,1022,11470,1
,1986,,,2020,신월동,"2,500",신안약수,1,60,11,70.16,,,591-1,11470,5
,1986,,,2020,신월동,"27,000",신안약수,1,0,11,84.56,,,591-1,11470,8
,1988,,,2020,신월동,"19,500",신월시영,1,0,11,59.49,,,987-1,11470,4
,1987,,,2020,신월동,"12,500",길훈,1,0,11,49.77,,,341-1,11470,4
,2020,,,2020,신월동,"45,000",목동센트럴아이파크위브4단지,1,0,11,84.98,,,1078,11470,13
,1988,,,2020,신월동,"14,000",신월시영,1,0,11,43.2,,,987-1,11470,7
,2020,,,2020,신월동,"45,000",목동센트럴아이파크위브2단지,1,0,11,84.97,,,1076,11470,11
,1987,,,2020,신월동,"13,000",신안파크,1,0,12,56.78,,,350-2,11470,4
,2002,,,2020,신월동,"25,000",세제뉴타운,1,0,12,74.86,,,529-2,11470,4
,1987,,,2020,신월동,"13,000",신안파크,1,0,12,56.78,,,350-2,11470,4
,1987,,,2020,신월동,"13,000",신안파크,1,0,12,56.78,,,350-2,11470,4
,2003,,,2020,신월동,"27,000",대방샤인힐,1,0,12,84.957,,,1017,11470,6
,2007,,,2020,신월동,"30,000",방주기픈샘2,1,0,13,84.99,,,1047,11470,8
,2004,,,2020,신월동,"33,000",대성유니드,1,0,13,84.3,,,1033,11470,5
,1987,,,2020,신월동,"12,000",길훈,1,0,13,49.77,,,341-1,11470,5
,1998,,,2020,신월동,"2,500",금강,1,60,13,59.4,,,207-24,11470,7
,1999,,,2020,신월동,"18,000",궁전,1,0,13,59.76,,,127-1,11470,6
,1998,,,2020,신월동,"3,000",금강,1,60,14,59.4,,,207-24,11470,9
,1988,,,2020,신월동,"18,000",신월시영,1,0,15,50.67,,,987-1,11470,9
,2006,,,2020,신월동,"27,000",강국,1,0,15,82.17,,,24-5,11470,6
,2004,,,2020,신월동,"27,000",신월동방원,1,0,15,84.94,,,1032,11470,8
,1988,,,2020,신월동,"20,000",신월시영,1,0,15,59.49,,,987-1,11470,7
,1988,,,2020,신월동,"20,000",신월시영,1,0,15,59.49,,,987-1,11470,4
,1987,,,2020,신월동,"14,000",길훈,1,0,15,49.77,,,341-1,11470,3
,2004,,,2020,신월동,"35,000",대성유니드,1,0,15,84.3,,,1033,11470,10
,1986,,,2020,신월동,"25,000",신안약수,1,0,15,84.56,,,591-1,11470,5
,2009,,,2020,신월동,"36,000",상진지오벨리,1,0,16,105.43,,,1059,11470,12
,1988,,,2020,신월동,"17,000",신월시영,1,0,16,50.67,,,987-1,11470,2
,2014,,,2020,신월동,"43,000",롯데캐슬,1,0,16,84.984,,,1063,11470,19
,1988,,,2020,신월동,"20,000",신월시영,1,0,17,59.49,,,987-1,11470,5
,1988,,,2020,신월동,"20,000",신월시영,1,40,17,50.67,,,987-1,11470,10
,1988,,,2020,신월동,"16,000",신월시영,1,0,18,50.67,,,987-1,11470,10
,1999,,,2020,신월동,"14,000",태헌(신월프라자),1,0,18,56.97,,,128,11470,8
,2020,,,2020,신월동,"45,000",목동센트럴아이파크위브1단지,1,0,18,84.98,,,1075,11470,6
,2014,,,2020,신월동,"35,000",롯데캐슬,1,0,18,59.747,,,1063,11470,10
,1988,,,2020,신월동,"14,000",신월시영,1,0,18,43.2,,,987-1,11470,12
,1988,,,2020,신월동,"21,000",신월시영,1,0,18,59.49,,,987-1,11470,3
,2005,,,2020,신월동,"23,000",신성2차미소지움,1,20,18,59.99,,,1040,11470,4
,1988,,,2020,신월동,"13,000",신월시영,1,0,18,50.67,,,987-1,11470,8
,2004,,,2020,신월동,"32,000",신도신월1차,1,0,18,84.85,,,1029,11470,5
,2014,,,2020,신월동,"37,000",롯데캐슬,1,0,18,59.747,,,1063,11470,3
,1988,,,2020,신월동,"2,000",신월시영,1,45,18,43.2,,,987-1,11470,1
,2006,,,2020,신월동,"34,000",양천벽산블루밍3단지,1,0,19,84.77,,,1048,11470,12
,2020,,,2020,신월동,"20,000",목동센트럴아이파크위브2단지,1,80,20,84.98,,,1076,11470,3
,2006,,,2020,신월동,"27,000",양천벽산블루밍1단지,1,0,20,59.98,,,1026,11470,2
,2003,,,2020,신월동,"21,000",오투힐,1,0,20,57.12,,,541-1,11470,7
,2014,,,2020,신월동,"36,000",롯데캐슬,1,0,21,59.747,,,1063,11470,13
,1988,,,2020,신월동,"14,500",신월시영,1,0,21,43.2,,,987-1,11470,6
,2002,,,2020,신월동,"27,000",세아쎄닛빌,1,0,21,84.29,,,547-5,11470,9
,2012,,,2020,신월동,"40,000",신정두산위브,1,0,21,84.04,,,1055,11470,12
,1988,,,2020,신월동,"13,000",신안파크,1,0,21,56.78,,,350-2,11470,2
,2001,,,2020,신월동,"25,000",삼도(101),1,0,22,82.88,,,558-3,11470,6
,2013,,,2020,신월동,"29,500",삼익플라주행복한마을,1,0,22,71.2,,,1068,11470,8
,1997,,,2020,신월동,"25,000",우당,1,0,22,113.14,,,506-1,11470,14
,2020,,,2020,신월동,"45,000",목동센트럴아이파크위브4단지,1,0,22,84.97,,,1078,11470,11
,1997,,,2020,신월동,"12,000",나산,1,0,23,59.9,,,217-2,11470,15
,2015,,,2020,신월동,"28,000",태산,1,0,23,57.2,,,520-8,11470,9
,2002,,,2020,신월동,"23,000",탑건위너빌,1,0,23,74.75,,,418-4,11470,2
,2015,,,2020,신월동,"28,000",태산,1,0,23,57.2,,,520-8,11470,9
,2020,,,2020,신월동,"34,000",목동센트럴아이파크위브3단지,1,0,24,59.88,,,1077,11470,14
,1987,,,2020,신월동,"10,000",신안파크,1,0,28,47.6,,,350-2,11470,4
,1999,,,2020,신월동,"18,000",궁전,1,0,28,59.76,,,127-1,11470,6
,2014,,,2020,신월동,"36,000",롯데캐슬,1,0,28,59.948,,,1063,11470,3
,1988,,,2020,신월동,"14,900",신월시영,1,0,28,43.2,,,987-1,11470,7
,1996,,,2020,신월동,"23,000",삼구,1,0,28,80.02,,,604-4,11470,4
,1997,,,2020,신월동,"30,000",우당,1,0,29,83.43,,,506-1,11470,5
,2001,,,2020,신월동,"34,000",신월대림,1,0,29,59.73,,,491-1,11470,1
,1988,,,2020,신월동,"2,000",신월시영,1,50,29,43.2,,,987-1,11470,10
,1997,,,2020,신월동,"12,000",나산,1,0,29,59.9,,,217-2,11470,15
,1987,,,2020,신월동,"12,000",길훈,1,0,29,49.77,,,341-1,11470,5
,2020,,,2020,신월동,"37,000",목동센트럴아이파크위브1단지,1,0,29,59.88,,,1075,11470,6
,1988,,,2020,신월동,"2,000",신월시영,1,60,29,50.67,,,987-1,11470,1
,1997,,,2020,신월동,"12,000",나산,1,0,29,59.9,,,217-2,11470,15
,2015,,,2020,신월동,"28,000",리슈리안,1,0,29,52.74,,,500-21,11470,6
,2006,,,2020,신월동,"6,000",양천벽산블루밍1단지,1,90,29,84.77,,,1026,11470,9
,1997,,,2020,신월동,"25,000",삼동5,1,0,30,131.22,,,559-5,11470,7
,2014,,,2020,신월동,"35,000",수명산그린시아,1,0,31,83.25,,,1070,11470,2
,2012,,,2020,신월동,"40,500",신정두산위브,1,0,31,84.22,,,1055,11470,9
,1988,,,2020,신월동,"17,000",신월시영,1,0,31,50.67,,,987-1,11470,4
,2014,,,2020,신월동,"35,000",롯데캐슬,1,0,31,59.948,,,1063,11470,8
,2012,,,2020,신월동,"36,500",신정두산위브,1,0,31,75.63,,,1055,11470,5
,2012,,,2020,신월동,"33,500",신정두산위브,1,0,31,59.78,,,1055,11470,10
