archArea,atchBldArea,atchBldCnt,bcRat,bjdongCd,bldNm,block,bun,bylotCnt,crtnDay,engrEpi,engrGrade,engrRat,etcPurps,fmlyCnt,gnBldCert,gnBldGrade,hhldCnt,hoCnt,indrAutoArea,indrAutoUtcnt,indrMechArea,indrMechUtcnt,itgBldCert,itgBldGrade,ji,lot,mainBldCnt,mainPurpsCd,mainPurpsCdNm,mgmBldrgstPk,naBjdongCd,naMainBun,naRoadCd,naSubBun,naUgrndCd,newOldRegstrGbCd,newOldRegstrGbCdNm,newPlatPlc,oudrAutoArea,oudrAutoUtcnt,oudrMechArea,oudrMechUtcnt,platArea,platGbCd,platPlc,pmsDay,pmsnoGbCd,pmsnoGbCdNm,pmsnoKikCd,pmsnoKikCdNm,pmsnoYear,regstrGbCd,regstrGbCdNm,regstrKindCd,regstrKindCdNm,rnum,sigunguCd,splotNm,stcnsDay,totArea,totPkngCnt,useAprDay,vlRat,vlRatEstmTotArea
132.24,0,0,0,10200,,,0039,0,20210112,0,,0,단독주택,3,0,,0,0,0,0,0,0,0,,0000,,3,01000,단독주택,11470-25,,0.0,,0.0,0,1,신대장,,0,0,0,0,0,0,서울특별시 양천구 목동 39번지,,,,,,,1,일반,1,총괄표제부,1,11470,,,132.24,0,,0,132.24
304.14,0,0,53.17,10200,동양부로빌,,0042,0,20180914,0,,0,도시형생활주택(단지형다세대),0,0,,26,0,495.62,12,0,0,0,,0007,,2,02000,공동주택,11470-100226149,,0.0,,0.0,0,1,신대장,,34.5,3,0,0,572,0,서울특별시 양천구 목동 42-7번지,20161209,1101,신축허가,3140176,건축과,2016,2,집합,1,총괄표제부,2,11470,,20170112,1601.15,15,20171121,193.27,1105.53
145.45,0,0,0,10200,,,0092,0,20210112,0,,0,단독주택,3,0,,0,0,0,0,0,0,0,,0000,,3,01000,단독주택,11470-26,,0.0,,0.0,0,1,신대장,,0,0,0,0,0,0,서울특별시 양천구 목동 92번지,,,,,,,1,일반,1,총괄표제부,3,11470,,,145.45,0,,0,145.45
82.65,0,0,0,10200,,,0114,0,20120821,0,,0,단독주택,3,0,,0,0,0,0,0,0,0,,0000,,3,01000,단독주택,11470-684,,0.0,,0.0,0,1,신대장,,0,0,0,0,0,0,서울특별시 양천구 목동 114번지,,,,,,,1,일반,1,총괄표제부,4,11470,,,82.65,0,,0,82.65
411.3,0,0,48.74,10200,,,0128,2,20211104,0,,0,도시형생활주택(다세대주택),0,0,,32,0,300.9,26,0,0,0,,0047,,2,02000,공동주택,11470-100214834,10201,20.0,114704142148,30.0,0,1,신대장,서울특별시 양천구 목동중앙로13나길 20-30,0,0,0,0,843.84,0,서울특별시 양천구 목동 128-47번지,20150403,1101,신축허가,3140176,건축과,2015,2,집합,1,총괄표제부,5,11470,,20150415,1265.24,26,20150925,149.94,1265.24
656.1,0,0,0,10200,,,0131,0,20190620,0,,0,교육연구 및 복지시설,0,0,,0,0,0,0,0,0,0,,0003,,2,11000,노유자시설,11470-685,10201,22.0,114704142147,0.0,0,1,신대장,서울특별시 양천구 목동중앙로13길 22,0,0,0,0,0,0,서울특별시 양천구 목동 131-3번지,,,,,,,1,일반,1,총괄표제부,6,11470,,,478.5,0,,0,478.5
368.44,0,0,58.99,10200,세림빌리지,,0131,0,20171205,0,,0,"도시형생활주택(단지형다세대),근린생활시설",0,0,,16,0,0,18,0,0,0,,0049,,2,02000,공동주택,11470-100225168,,0.0,,0.0,0,1,신대장,,0,0,0,0,624.54,0,서울특별시 양천구 목동 131-49번지,20160831,1101,신축허가,3140176,건축과,2016,2,집합,1,총괄표제부,7,11470,,20161001,1993.69,18,20170707,143.3,894.96
289.39,0,0,59.03,10200,목동빌리지,,0131,0,20190420,0,,0,공동주택(도시형생활주택) 및 근린생활시설,0,0,,19,5,0,0,0,0,0,,0139,,2,02000,공동주택,11470-100230236,10201,57.0,114704142148,0.0,0,1,신대장,서울특별시 양천구 목동중앙로13나길 57,0,0,0,0,490.22,0,서울특별시 양천구 목동 131-139번지,,,,,,,2,집합,1,총괄표제부,8,11470,,,1918.56,19,,149.93,734.98
312.91,0,0,58.79,10200,목원빌리지,,0131,0,20210423,0,,0,다세대주택(도시형생활주택),0,0,,24,0,463.61,16,0,0,0,,0141,,2,02000,공동주택,11470-100241128,10201,61.0,114704142148,0.0,0,1,신대장,서울특별시 양천구 목동중앙로13나길 61,0,0,0,0,532.28,0,서울특별시 양천구 목동 131-141번지,20190419,1101,신축허가,3140231,건축과,2019,2,집합,1,총괄표제부,9,11470,,20200103,1754,18,20210217,149.39,795.16
294.38,0,0,52.59,10200,용진빌리지,,0131,0,20210128,0,,0,"도시형생활주택(단지형다세대),근린생활시설",0,0,,16,6,0,9,0,0,0,,0145,,2,02000,공동주택,11470-100240988,10201,42.0,114704142149,10.0,0,1,신대장,서울특별시 양천구 목동중앙로13다길 42-10,0,7,0,0,559.8,0,서울특별시 양천구 목동 131-145번지,20190107,1101,신축허가,3140231,건축과,2019,2,집합,1,총괄표제부,10,11470,,20190926,1290.85,16,20210125,149.8,838.58
148.76,0,0,0,10200,,,0192,0,20120821,0,,0,단독주택,3,0,,0,0,0,0,0,0,0,,0000,,3,01000,단독주택,11470-27,,0.0,,0.0,0,1,신대장,,0,0,0,0,0,0,서울특별시 양천구 목동 192번지,,,,,,,1,일반,1,총괄표제부,11,11470,,,148.76,0,,0,148.76
85.95,0,0,0,10200,,,0199,0,20120821,0,,0,단독주택,2,0,,0,0,0,0,0,0,0,,0007,,2,01000,단독주택,11470-686,,0.0,,0.0,0,1,신대장,,0,0,0,0,0,0,서울특별시 양천구 목동 199-7번지,,,,,,,1,일반,1,총괄표제부,12,11470,,,85.95,0,,0,85.95
161.58,0,0,0.076,10200,용왕산공원,,0199,0,20220128,0,,0,"제1종근린생활시설, 관광휴게시설(관망탑)",0,0,,0,0,0,0,0,0,0,,0051,,2,03000,제1종근린생활시설,11470-100242668,10201,19.0,114704142429,0.0,0,1,신대장,서울특별시 양천구 용왕정길 19,0,0,0,0,213552,0,서울특별시 양천구 목동 199-51번지,,,,,,,1,일반,1,총괄표제부,13,11470,,,297.445,0,,0.139,297.445
2632.55,4784.02,3,21.01,10200,우성아파트,,0200,0,20171205,0,,0,아파트,0,0,,332,0,0,112,0,0,0,,0000,,5,02000,공동주택,11470-663,10201,143.0,114703114005,0.0,0,0,구대장,서울특별시 양천구 목동중앙로 143,0,102,0,0,12527.3,0,서울특별시 양천구 목동 200번지,,,,,,,2,집합,1,총괄표제부,14,11470,,,34665.5,214,,256.69,32156.37
0,0,0,0,10200,,,0202,0,20200721,0,,0,,0,0,,0,0,0,0,0,0,0,,0016,,3,03000,제1종근린생활시설,11470-100239569,10201,30.0,114704142429,0.0,0,1,신대장,서울특별시 양천구 용왕정길 30,0,0,0,0,0,0,서울특별시 양천구 목동 202-16번지,,,,,,,1,일반,1,총괄표제부,15,11470,,,679.14,0,,0,0
153.18,0,0,0,10200,,,0229,0,20120821,0,,0,단독주택,2,0,,0,0,0,0,0,0,0,,0001,,2,01000,단독주택,11470-687,,0.0,,0.0,0,1,신대장,,0,0,0,0,0,0,서울특별시 양천구 목동 229-1번지,,,,,,,1,일반,1,총괄표제부,16,11470,,,306.36,0,,0,153.18
115.7,0,0,0,10200,,,0230,0,20210112,0,,0,단독주택,3,0,,0,0,0,0,0,0,0,,0000,,3,01000,단독주택,11470-28,,0.0,,0.0,0,1,신대장,,0,0,0,0,0,0,서울특별시 양천구 목동 230번지,,,,,,,1,일반,1,총괄표제부,17,11470,,,115.7,0,,0,115.7
304.98,0,0,59.92,10200,이호빌,,0231,0,20120821,0,,0,"제2종근린생활시설, 도시형생활주택(단지형다세대)",0,0,,24,1,250.77,20,0,0,0,,0099,,2,02000,공동주택,11470-100198265,,0.0,,0.0,0,1,신대장,,72.6,2,0,0,509,0,서울특별시 양천구 목동 231-99번지,20110602,1101,신축허가,3140136,건축과,2011,2,집합,1,총괄표제부,18,11470,,20110609,1202.76,22,20111125,199.69,1016.4
191.73,0,0,0,10200,,,0232,0,20120821,0,,0,병종주택,6,0,,0,0,0,0,0,0,0,,0000,,6,01000,단독주택,11470-688,,0.0,,0.0,0,1,신대장,,0,0,0,0,0,0,서울특별시 양천구 목동 232번지,,,,,,,1,일반,1,총괄표제부,19,11470,,,191.73,0,,0,191.73
254.55,0,0,0,10200,,,0234,0,20120821,0,,0,단독주택,6,0,,0,0,0,0,0,0,0,,0000,,6,01000,단독주택,11470-689,,0.0,,0.0,0,1,신대장,,0,0,0,0,0,0,서울특별시 양천구 목동 234번지,,,,,,,1,일반,1,총괄표제부,20,11470,,,254.55,0,,0,254.55
92.56,0,0,0,10200,,,0235,0,20210112,0,,0,단독주택,2,0,,0,0,0,0,0,0,0,,0000,,2,01000,단독주택,11470-29,,0.0,,0.0,0,1,신대장,,0,0,0,0,0,0,서울특별시 양천구 목동 235번지,,,,,,,1,일반,1,총괄표제부,21,11470,,,92.56,0,,0,92.56
72.73,0,0,0,10200,,,0244,0,20120821,0,,0,단독주택,2,0,,0,0,0,0,0,0,0,,0000,,2,01000,단독주택,11470-690,,0.0,,0.0,0,1,신대장,,0,0,0,0,0,0,서울특별시 양천구 목동 244번지,,,,,,,1,일반,1,총괄표제부,22,11470,,,72.73,0,,0,72.73
119,0,0,0,10200,,,0245,0,20120821,0,,0,단독주택,2,0,,0,0,0,0,0,0,0,,0000,,2,01000,단독주택,11470-691,,0.0,,0.0,0,1,신대장,,0,0,0,0,0,0,서울특별시 양천구 목동 245번지,,,,,,,1,일반,1,총괄표제부,23,11470,,,119,0,,0,119
168.6,0,0,0,10200,,,0280,0,20120821,0,,0,단독주택,4,0,,0,0,0,0,0,0,0,,0000,,4,01000,단독주택,11470-30,,0.0,,0.0,0,1,신대장,,0,0,0,0,0,0,서울특별시 양천구 목동 280번지,,,,,,,1,일반,1,총괄표제부,24,11470,,,168.6,0,,0,168.6
244.62,0,0,0,10200,,,0281,0,20120821,0,,0,단독주택,6,0,,0,0,0,0,0,0,0,,0000,,6,01000,단독주택,11470-692,,0.0,,0.0,0,1,신대장,,0,0,0,0,0,0,서울특별시 양천구 목동 281번지,,,,,,,1,일반,1,총괄표제부,25,11470,,,244.62,0,,0,244.62
287.67,0,0,49.12,10200,,,0318,0,20120821,0,,0,단독주택,11,0,,0,0,160.45,6,0,0,0,,0004,,2,01000,단독주택,11470-100197961,,0.0,,0.0,0,1,신대장,,76.17,3,0,0,585.59,0,서울특별시 양천구 목동 318-4번지,20101020,1102,증축허가,3140136,건축과,2010,1,일반,1,총괄표제부,26,11470,,20110411,978.76,9,20111110,105.47,617.64
132.48,0,0,0,10200,,,0318,0,20120821,0,,0,단독주택,2,0,,0,0,0,0,0,0,0,,0007,,2,01000,단독주택,11470-693,,0.0,,0.0,0,1,신대장,,0,0,0,0,0,0,서울특별시 양천구 목동 318-7번지,,,,,,,1,일반,1,총괄표제부,27,11470,,,264.96,0,,0,132.48
107.28,0,0,0,10200,,,0318,0,20111021,0,,0,단독주택,2,0,,0,0,0,0,0,0,0,,0046,,2,01000,단독주택,11470-31,10201,82.0,114704142178,3.0,0,1,신대장,서울특별시 양천구 목동중앙본로7가길 82-3,0,0,0,0,0,0,서울특별시 양천구 목동 318-46번지,,,,,,,1,일반,1,총괄표제부,28,11470,,,199.35,0,,0,183.15
333.46,134.48,2,0,10200,,,0319,0,20120821,0,,0,단독주택,2,0,,0,0,0,0,0,0,0,,0001,,2,01000,단독주택,11470-694,,0.0,,0.0,0,1,신대장,,0,0,0,0,0,0,서울특별시 양천구 목동 319-1번지,,,,,,,1,일반,1,총괄표제부,29,11470,,,369.39,0,,0,333.46
248.16,0,0,56.92,10200,와이즈캐슬,,0324,2,20191016,0,,0,공동주택(다세대주택),0,0,,14,0,0,0,0,0,0,,0032,,2,02000,공동주택,11470-100233708,10201,46.0,114704142134,12.0,0,1,신대장,서울특별시 양천구 목동중앙남로16다길 46-12,138.7,12,0,0,436,0,서울특별시 양천구 목동 324-32번지,20161116,1101,신축허가,3140176,건축과,2016,2,집합,1,총괄표제부,30,11470,,20170616,870.44,12,20191015,199.64,870.44
286.24,0,0,59.26,10200,보타닉 목동,,0324,2,20220221,0,,0,공동주택(단지형다세대주택),0,0,,25,0,98.7,8,0,0,0,,0166,,2,02000,공동주택,11470-100245648,10201,16.0,114704142131,10.0,0,1,신대장,서울특별시 양천구 목동중앙남로16가길 16-10,75,6,0,0,483,0,서울특별시 양천구 목동 324-166번지,20210714,1101,신축허가,3140258,건축과,2021,2,집합,1,총괄표제부,31,11470,,20210728,1027.23,14,20220217,199.04,961.37
165.29,0,0,0,10200,,,0324,0,20111021,0,,0,다세대주택,0,0,,14,0,0,0,0,0,0,,0295,,2,02000,공동주택,11470-717,10201,36.0,114704142131,0.0,0,1,신대장,서울특별시 양천구 목동중앙남로16가길 36,0,0,0,0,0,0,서울특별시 양천구 목동 324-295번지,,,,,,,2,집합,1,총괄표제부,32,11470,,,578.22,0,,0,412.93
76.03,0,0,0,10200,,,0384,0,20120821,0,,0,단독주택,2,0,,0,0,0,0,0,0,0,,0000,,2,01000,단독주택,11470-695,,0.0,,0.0,0,1,신대장,,0,0,0,0,0,0,서울특별시 양천구 목동 384번지,,,,,,,1,일반,1,총괄표제부,33,11470,,,76.03,0,,0,76.03
2410.23,12.6,1,38.68,10200,목동 센트럴 푸르지오,,0404,0,20220729,0,,0,"공동주택(아파트),판매시설,근린생활시설",0,0,,248,15,18947.6019,463,0,0,0,,0013,,4,02000,공동주택,11470-100213765,,0.0,,0.0,0,1,신대장,,0,0,0,0,6232,0,서울특별시 양천구 목동 404-13번지,20111010,1101,신축허가,3140136,건축과,2011,2,집합,1,총괄표제부,34,11470,,20120530,56804.1561,463,20150630,499.97,31158.04
364.62,0,0,0,10200,,,0404,0,20111021,0,,0,제1종근린생활시설,2,0,,0,0,0,0,0,0,0,,0151,,2,03000,제1종근린생활시설,11470-33,10202,90.0,114703114009,0.0,0,1,신대장,서울특별시 양천구 신목로 90,0,0,0,0,0,0,서울특별시 양천구 목동 404-151번지,,,,,,,1,일반,1,총괄표제부,35,11470,,,1622.14,0,,0,1257.5
4571.84,0,3,0,10200,,,0405,0,20220511,0,,0,아파트,0,0,,338,0,0,0,0,0,0,,0000,,3,02000,공동주택,11470-90,10202,23.0,114704142097,0.0,0,1,신대장,서울특별시 양천구 목동동로12길 23,0,0,0,0,0,0,서울특별시 양천구 목동 405번지,,,,,,,2,집합,1,총괄표제부,36,11470,,,31351.55,0,,0,27097.88
184.8,0,0,0,10200,,,0405,0,20111021,0,,0,다세대주택,0,0,,16,0,0,0,0,0,0,,0034,,2,02000,공동주택,11470-718,10201,13.0,114704142306,0.0,0,1,신대장,서울특별시 양천구 오목로54길 13,0,0,0,0,0,0,서울특별시 양천구 목동 405-34번지,,,,,,,2,집합,1,총괄표제부,37,11470,,,718.08,0,,0,533.28
0,0,0,0,10200,,,0405,0,20090320,0,,0,단독주택,5,0,,0,0,0,0,0,0,0,,0163,,0,01000,단독주택,11470-697,10201,5.0,114704142098,0.0,0,1,신대장,서울특별시 양천구 목동동로14길 5,0,0,0,0,0,0,서울특별시 양천구 목동 405-163번지,,,,,,,1,일반,1,총괄표제부,38,11470,,,284.58,0,,0,0
1269.51,93.75,2,59.322897,10200,협성빌딩,,0405,7,20190227,0,,0,"근린생활시설,업무시설",0,0,,0,0,0,0,93.75,70,0,,0268,,2,14000,업무시설,11470-423,10202,336.0,114703114014,0.0,0,1,신대장,서울특별시 양천구 오목로 336,287.5,25,0,0,2140,0,서울특별시 양천구 목동 405-268번지,20020918,1101,신축허가,3140081,건축과,2002,1,일반,1,총괄표제부,39,11470,,20021002,6970.35,95,20030522,288.61214,6176.3
179.31,0,0,60.17,10200,,,0405,0,20210112,0,,0,단독주택 및 근린생활시설,2,0,,0,0,0,0,0,0,0,,0292,,2,01000,단독주택,11470-307,10202,13.0,114704142097,0.0,0,1,신대장,서울특별시 양천구 목동동로12길 13,0,0,0,0,298,0,서울특별시 양천구 목동 405-292번지,,,,,,,1,일반,1,총괄표제부,40,11470,,,381.38,0,,120.99,360.55
163.8,0,0,0,10200,,,0405,0,20111021,0,,0,다세대주택,0,0,,16,0,0,0,0,0,0,,0360,,2,02000,공동주택,11470-36,10201,11.0,114704142306,0.0,0,1,신대장,서울특별시 양천구 오목로54길 11,0,0,0,0,0,0,서울특별시 양천구 목동 405-360번지,,,,,,,2,집합,1,총괄표제부,41,11470,,,655.2,0,,0,491.4
126.49,0,0,0,10200,,,0405,0,20111021,0,,0,다세대주택,0,0,,12,0,0,0,0,0,0,,0468,,2,02000,공동주택,11470-719,10201,12.0,114704142307,0.0,0,1,신대장,서울특별시 양천구 오목로56길 12,0,0,0,0,0,0,서울특별시 양천구 목동 405-468번지,,,,,,,2,집합,1,총괄표제부,42,11470,,,505.96,0,,0,379.47
197.98,0,0,0,10200,,,0405,0,20111021,0,,0,다세대주택,0,0,,19,0,0,0,0,0,0,,0471,,3,02000,공동주택,11470-422,10201,9.0,114704142306,1.0,0,1,신대장,서울특별시 양천구 오목로54길 9-1,0,0,0,0,0,0,서울특별시 양천구 목동 405-471번지,,,,,,,2,집합,1,총괄표제부,43,11470,,,744.58,0,,0,546.6
161.68,0,0,0,10200,,,0406,0,20140710,0,,0,제1종근린생활시설,0,0,,0,0,0,0,0,0,0,,0022,,2,03000,제1종근린생활시설,11470-699,10202,333.0,114703114014,0.0,0,1,신대장,서울특별시 양천구 오목로 333,0,0,0,0,0,0,서울특별시 양천구 목동 406-22번지,19930406,,,,,,1,일반,1,총괄표제부,44,11470,,,478.8,0,19940721,0,437.76
1013.83,0,0,0,10200,,,0409,0,20120821,0,,0,단독주택,32,0,,0,0,0,0,0,0,0,,0003,,32,01000,단독주택,11470-35,,0.0,,0.0,0,1,신대장,,0,0,0,0,0,0,서울특별시 양천구 목동 409-3번지,,,,,,,1,일반,1,총괄표제부,45,11470,,,1013.83,0,,0,1013.83
414.84,0,0,55.87,10200,대명이튼캐슬,,0497,0,20141223,0,,0,단지형다세대주택 및 제1종근생,0,0,,23,0,163.79,6,0,0,0,,0004,,2,02000,공동주택,11470-100211739,,0.0,,0.0,0,1,신대장,,107.35,11,0,0,742.5,0,서울특별시 양천구 목동 497-4번지,20140206,1101,신축허가,3140176,건축과,2014,2,집합,1,총괄표제부,46,11470,,20140303,1484.56,17,20141219,199.94,1484.56
363.08,0,0,53.5,10200,레이나,,0498,0,20150218,0,,0,도시형생활주택 단지형 다세대주택,0,0,,28,0,265.66,6,0,0,0,,0007,,2,02000,공동주택,11470-100212495,,0.0,,0.0,0,1,신대장,,0,14,0,0,678.7,0,서울특별시 양천구 목동 498-7번지,20140923,1101,신축허가,3140176,건축과,2014,2,집합,1,총괄표제부,47,11470,,20141014,1267.85,20,20150210,186.81,1267.85
345.42,0,0,59.77,10200,이튼캐슬3,,0498,4,20190713,0,,0,도시형생활주택(단지형다세대)-29세대,0,0,,29,0,103.5,9,0,0,0,,0018,,2,02000,공동주택,11470-100227548,10201,12.0,114704142170,0.0,0,1,신대장,서울특별시 양천구 목동중앙본로29길 12,92,8,0,0,577.9,0,서울특별시 양천구 목동 498-18번지,20160112,1101,신축허가,3140176,건축과,2016,2,집합,1,총괄표제부,48,11470,,20160126,1155.62,17,20180424,199.97,1155.62
354.32,0,0,59.18,10200,도화엘리시아,,0499,0,20210802,0,,0,공동주택(단지형다세대주택),0,0,,26,0,0,8,0,0,0,,0031,,2,02000,공동주택,11470-100242488,,0.0,,0.0,0,1,신대장,,82.2,7,0,0,598.7,0,서울특별시 양천구 목동 499-31번지,20200917,1101,신축허가,3140258,건축과,2020,2,집합,1,총괄표제부,49,11470,,20200921,1090.63,15,20210730,182.17,1090.63
188.44,0,0,0,10200,,,0500,0,20111021,0,,0,다세대주택,0,0,,12,0,0,0,0,0,0,,0007,,2,02000,공동주택,11470-91,10201,129.0,114704142199,42.0,0,1,신대장,서울특별시 양천구 목동중앙북로8길 129-42,0,0,0,0,0,0,서울특별시 양천구 목동 500-7번지,,,,,,,2,집합,1,총괄표제부,50,11470,,,930.24,0,,0,752.1
178.68,0,0,0,10200,,,0500,0,20111021,0,,0,다세대주택,0,0,,12,0,0,0,0,0,0,,0016,,2,02000,공동주택,11470-371,10201,129.0,114704142199,44.0,0,1,신대장,서울특별시 양천구 목동중앙북로8길 129-44,0,0,0,0,0,0,서울특별시 양천구 목동 500-16번지,,,,,,,2,집합,1,총괄표제부,51,11470,,,886.68,0,,0,708.5
294.16,0,0,51.64,10200,명진쉐르빌,,0502,0,20171205,0,,0,도시형생할주택(다세대주택),0,0,,20,0,0,15,0,0,0,,0006,,2,02000,공동주택,11470-100208305,,0.0,,0.0,0,1,신대장,,0,0,0,0,569.6,0,서울특별시 양천구 목동 502-6번지,20131129,1101,신축허가,3140176,건축과,2013,2,집합,1,총괄표제부,52,11470,,20140113,1136.64,15,20140609,199.55,1136.64
306.41,0,0,55.54,10200,골든캐슬,,0502,0,20120821,0,,0,근린생활시설 및 도시형생활주택(단지형다세대),0,0,,16,1,193.11,8,0,0,0,,0008,,2,02000,공동주택,11470-100197885,,0.0,,0.0,0,1,신대장,,23,2,0,0,551.7,0,서울특별시 양천구 목동 502-8번지,20110502,1101,신축허가,3140136,건축과,2011,2,집합,1,총괄표제부,53,11470,,20110602,1084.76,10,20111107,196.62,1084.76
142.71,0,0,0,10200,,,0505,0,20111021,0,,0,단독주택,2,0,,0,0,0,0,0,0,0,,0001,,2,01000,단독주택,11470-75,10201,17.0,114704142181,24.0,0,1,신대장,서울특별시 양천구 목동중앙북로10길 17-24,0,0,0,0,0,0,서울특별시 양천구 목동 505-1번지,,,,,,,1,일반,1,총괄표제부,54,11470,,,414.87,0,,0,278.79
135.54,0,0,0,10200,,,0505,0,20111021,0,,0,단독주택,2,0,,0,0,0,0,0,0,0,,0002,,2,01000,단독주택,11470-701,10201,22.0,114704142182,0.0,0,1,신대장,서울특별시 양천구 목동중앙북로12길 22,0,0,0,0,0,0,서울특별시 양천구 목동 505-2번지,,,,,,,1,일반,1,총괄표제부,55,11470,,,406.62,0,,0,271.08
462.63,0,0,55.73,10200,효명,,0506,3,20160407,0,,0,제1종근린생활시설및도시형생활주택,0,0,,26,0,429.62,11,0,0,0,,0007,,2,03000,제1종근린생활시설,11470-100217485,,0.0,,0.0,0,1,신대장,,0,11,0,0,830.2,0,서울특별시 양천구 목동 506-7번지,20150727,1101,신축허가,3140176,건축과,2015,2,집합,1,총괄표제부,56,11470,,20150729,2083.58,22,20160329,197.49,1639.56
227.84,0,0,41.59,10200,,,0507,0,20131128,0,,0,근린생활시설,0,0,,0,0,0,0,0,0,0,,0008,,2,03000,제1종근린생활시설,11470-405,10201,65.0,114703114007,0.0,0,1,신대장,서울특별시 양천구 목동중앙북로 65,11.5,1,0,0,547.8,0,서울특별시 양천구 목동 507-8번지,,,,,,,1,일반,1,총괄표제부,57,11470,,,495.46,1,19770506,77.16,422.67
84.78,0,0,0,10200,,,0517,0,20190620,0,,0,노유자시설,0,0,,0,0,0,0,0,0,0,,0021,,2,11000,노유자시설,11470-38,10201,1.0,114704142190,31.0,0,1,신대장,서울특별시 양천구 목동중앙북로24길 1-31,0,0,0,0,0,0,서울특별시 양천구 목동 517-21번지,,,,,,,1,일반,1,총괄표제부,58,11470,,,130.68,0,,0,130.68
1201.3,0,0,58.66,10200,,,0520,0,20171205,0,,0,교육연구시설,0,0,,0,0,2119.37,54,0,0,0,,0013,,2,10000,교육연구시설,11470-650,10201,15.0,114704142190,0.0,0,1,신대장,서울특별시 양천구 목동중앙북로24길 15,0,0,0,0,2048,0,서울특별시 양천구 목동 520-13번지,,,,,,,1,일반,1,총괄표제부,59,11470,,,5769.58,0,,101.24,2073.43
227.08,0,0,0,10200,,,0521,0,20111021,0,,0,다세대주택,0,0,,18,0,0,0,0,0,0,,0006,,2,02000,공동주택,11470-92,10201,132.0,114703114007,0.0,0,1,신대장,서울특별시 양천구 목동중앙북로 132,0,0,0,0,0,0,서울특별시 양천구 목동 521-6번지,,,,,,,2,집합,1,총괄표제부,60,11470,,,1146.4,0,,0,908.32
241.37,0,0,0,10200,,,0521,0,20171118,0,,0,단독주택,4,0,,0,0,0,0,0,0,0,,0007,,4,01000,단독주택,11470-77,,0.0,,0.0,0,1,신대장,,0,0,0,0,0,0,서울특별시 양천구 목동 521-7번지,,,,,,,1,일반,1,총괄표제부,61,11470,,,724.11,0,,0,482.74
403.66,0,0,0,10200,,,0524,0,20171205,0,,0,다세대주택,0,0,,14,0,0,0,0,0,0,,0005,,2,02000,공동주택,11470-43,10201,22.0,114704142188,0.0,0,1,신대장,서울특별시 양천구 목동중앙북로20길 22,0,0,0,0,0,0,서울특별시 양천구 목동 524-5번지,,,,,,,2,집합,1,총괄표제부,62,11470,,,930.38,0,,0,731
184.5,0,0,0,10200,,,0524,0,20111021,0,,0,다세대주택,0,0,,8,0,0,0,0,0,0,,0008,,2,02000,공동주택,11470-93,10201,19.0,114704142186,0.0,0,1,신대장,서울특별시 양천구 목동중앙북로18길 19,0,0,0,0,0,0,서울특별시 양천구 목동 524-8번지,,,,,,,2,집합,1,총괄표제부,63,11470,,,738,0,,0,553.5
458.35,0,0,57.63,10200,도화엘리시움,,0524,0,20131031,0,,0,도시형생활주택(단지형다세대주택),0,0,,28,0,409.21,22,0,0,0,,0010,,3,02000,공동주택,11470-100206205,,0.0,,0.0,0,1,신대장,,0,0,0,0,795.3,0,서울특별시 양천구 목동 524-10번지,20130326,1101,신축허가,3140160,건축과,2013,2,집합,1,총괄표제부,64,11470,,20130401,1589.95,22,20131028,199.92,1589.95
400.76,0,0,0,10200,,,0524,0,20171205,0,,0,다세대주택,0,0,,13,0,0,0,0,0,0,,0016,,2,02000,공동주택,11470-720,10201,26.0,114704142188,0.0,0,1,신대장,서울특별시 양천구 목동중앙북로20길 26,0,0,0,0,0,0,서울특별시 양천구 목동 524-16번지,,,,,,,2,집합,1,총괄표제부,65,11470,,,931.25,0,,0,727.27
328.7,0,0,50.1,10200,석경트라움,,0525,2,20210910,0,,0,단지형 다세대주택,0,0,,24,0,312.35,10,0,0,0,,0004,,2,02000,공동주택,11470-100207305,10201,12.0,114704142186,1.0,0,1,신대장,서울특별시 양천구 목동중앙북로18길 12-1,229.74,8,0,0,656.13,0,서울특별시 양천구 목동 525-4번지,20130614,1101,신축허가,3140160,건축과,2013,2,집합,1,총괄표제부,66,11470,,20130701,1308.68,18,20140207,199.45,1308.68
278.79,0,0,59.63,10200,,,0525,0,20160427,0,,0,도시형생활주택(다세대주택),0,0,,24,0,0,9,0,0,0,,0007,,2,02000,공동주택,11470-100218025,,0.0,,0.0,0,1,신대장,,0,5,0,0,467.5,0,서울특별시 양천구 목동 525-7번지,20150801,1101,신축허가,3140176,건축과,2015,2,집합,1,총괄표제부,67,11470,,20150824,1264.96,14,20160425,195.22,912.67
115.32,0,0,0,10200,,,0525,0,20120821,0,,0,단독주택,2,0,,0,0,0,0,0,0,0,,0017,,2,01000,단독주택,11470-308,,0.0,,0.0,0,1,신대장,,0,0,0,0,0,0,서울특별시 양천구 목동 525-17번지,,,,,,,1,일반,1,총괄표제부,68,11470,,,230.64,0,,0,115.32
386.76,0,0,0,10200,,,0528,0,20111021,0,,0,다세대주택,0,0,,12,0,0,0,0,0,0,,0019,,2,02000,공동주택,11470-94,10201,16.0,114704142183,0.0,0,1,신대장,서울특별시 양천구 목동중앙북로14길 16,0,0,0,0,0,0,서울특별시 양천구 목동 528-19번지,19930531,,,,,,2,집합,1,총괄표제부,69,11470,,,919.3,0,19950929,0,735.37
272.2,0,0,58.92,10200,주원베르빌,,0529,1,20150527,0,,0,도시형생활주택(단지형다세대),0,0,,25,0,81.2,7,0,0,0,,0001,,2,02000,공동주택,11470-100213456,,0.0,,0.0,0,1,신대장,,69,6,0,0,462,0,서울특별시 양천구 목동 529-1번지,20141218,1101,신축허가,3140176,건축과,2014,2,집합,1,총괄표제부,70,11470,,20141220,913.12,13,20150522,197.65,913.12
344.54,0,0,52.52,10200,누리애빌,,0530,1,20171205,0,,0,다세대주택 및 근린생활시설,0,0,,29,1,373.17,16,0,0,0,,0003,,2,02000,공동주택,11470-100224048,,0.0,,0.0,0,1,신대장,,282.83,4,0,0,656,0,서울특별시 양천구 목동 530-3번지,20160923,1101,신축허가,3140176,건축과,2016,2,집합,1,총괄표제부,71,11470,,20161001,1481.32,20,20170330,196.83,1291.22
197.38,0,0,49.15,10200,,,0533,0,20121012,0,,0,"주택, 근린생활시설",0,0,,0,0,0,0,0,0,0,,0010,,2,01000,단독주택,11470-100202427,,0.0,,0.0,0,0,구대장,,46,4,0,0,401.6,0,서울특별시 양천구 목동 533-10번지,,,,,,,1,일반,1,총괄표제부,72,11470,,,734.2,4,,0,0
628.79,0,0,57.78,10200,대명이튼캐슬2차,,0533,0,20160903,0,,0,도시형생활주택(단지형다세대주택) 및 제2종근린생활주택,0,0,,42,7,264.5,23,0,0,0,,0015,,3,02000,공동주택,11470-100214926,,0.0,,0.0,0,1,신대장,,138,12,0,0,1088.3,0,서울특별시 양천구 목동 533-15번지,20150114,1101,신축허가,3140176,건축과,2015,2,집합,1,총괄표제부,73,11470,,20150116,2375.52,35,20151007,199.97,2176.22
568.53,0,0,53.19,10200,에비앙하우스,,0534,4,20171101,0,,0,공동주택(도시형생활주택-단지형다세대주택),0,0,,49,0,0,19,0,0,0,,0029,,3,02000,공동주택,11470-100216732,,0.0,,0.0,0,1,신대장,,0,16,0,0,1068.9,0,서울특별시 양천구 목동 534-29번지,20150708,2101,주택건설사업계획승인,3140176,건축과,2015,2,집합,1,총괄표제부,74,11470,,20150716,2045.04,35,20160128,184.7,1974.23
291.6,0,0,50.48,10200,목동숲아파트,,0537,4,20171205,0,,0,도시형생활주택(단지형다세대주택),0,0,,28,0,152.2,14,0,0,0,,0031,,2,02000,공동주택,11470-100225844,,0.0,,0.0,0,1,신대장,,0,0,0,0,577.7,0,서울특별시 양천구 목동 537-31번지,20161228,1101,신축허가,3140176,건축과,2016,2,집합,1,총괄표제부,75,11470,,20170123,1063.8,14,20170920,184.14,1063.8
957.54,10.53,1,19.79,10200,목동효성아파트,,0539,1,20220504,0,,0,아파트,0,0,,122,0,2653.23,104,0,0,0,,0004,,2,02000,공동주택,11470-417,10201,65.0,114704142190,0.0,0,1,신대장,서울특별시 양천구 목동중앙북로24길 65,724.5,62,0,0,4838.4,0,서울특별시 양천구 목동 539-4번지,19991113,,,,,,2,집합,1,총괄표제부,76,11470,,20000527,18221.96,167,20030110,298.68,14451.33
324.06,0,0,57.21,10200,서진플로렌스543,,0543,1,20160113,0,,0,도시형생활주택(단지형다세대),0,0,,22,0,0,7,0,0,0,,0005,,2,02000,공동주택,11470-100216465,,0.0,,0.0,0,1,신대장,,0,6,0,0,566.4,0,서울특별시 양천구 목동 543-5번지,20150710,1101,신축허가,3140176,건축과,2015,2,집합,1,총괄표제부,77,11470,,20150714,999.02,13,20160108,176.38,999.02
6328.89,94.5,6,25.37,10200,목동금호베스트빌,,0549,8,20220222,0,,0,공동주택,0,0,,507,0,0,529,0,0,0,,0000,,6,02000,공동주택,11470-664,10201,111.0,114704142199,0.0,0,0,구대장,서울특별시 양천구 목동중앙북로8길 111,0,178,0,0,24950.2,0,서울특별시 양천구 목동 549번지,,,,,,,2,집합,1,총괄표제부,78,11470,,,78150.55,707,,236.5,59006.45
366.72,0,0,57.89,10200,행복공간,,0553,0,20180914,0,,0,도시형생활주택(단지형다세대),0,0,,24,0,0,9,0,0,0,,0018,,2,02000,공동주택,11470-100226429,,0.0,,0.0,0,1,신대장,,0,9,0,0,633.5,0,서울특별시 양천구 목동 553-18번지,20170413,1101,신축허가,3140176,건축과,2017,2,집합,1,총괄표제부,79,11470,,20170414,948.25,18,20171222,149.68,948.25
282.69,0,0,55.92,10200,목동달마을,,0554,0,20150122,0,,0,도시형생활주택(단지형 다세대주택),0,0,,20,0,257.32,10,0,0,0,,0002,,2,02000,공동주택,11470-100212187,,0.0,,0.0,0,1,신대장,,34.5,3,0,0,505.5,0,서울특별시 양천구 목동 554-2번지,20140611,1101,신축허가,3140176,건축과,2014,2,집합,1,총괄표제부,80,11470,,20140901,1010.75,13,20150119,199.95,1010.75
310.93,0,0,52.22,10200,삼성쉐르빌,,0555,2,20151219,0,,0,도시형생활주택단지형다세대(24),0,0,,24,0,0,0,0,0,0,,0007,,2,02000,공동주택,11470-100215965,,0.0,,0.0,0,1,신대장,,207.7,18,0,0,595.4,0,서울특별시 양천구 목동 555-7번지,20150420,1101,신축허가,3140176,건축과,2015,2,집합,1,총괄표제부,81,11470,,20150430,1190.37,18,20151209,199.93,1190.37
710.38,0,0,0,10200,,,0557,0,20171205,0,,0,연립주택,0,0,,24,0,0,0,0,0,0,,0000,,3,02000,공동주택,11470-721,10201,32.0,114704142169,0.0,0,1,신대장,서울특별시 양천구 목동중앙본로28길 32,0,0,0,0,0,0,서울특별시 양천구 목동 557번지,,,,,,,2,집합,1,총괄표제부,82,11470,,,1679.84,0,,0,1483.31
617.52,0,0,0,10200,,,0558,0,20111021,0,,0,다세대주택,0,0,,19,0,0,0,0,0,0,,0000,,2,02000,공동주택,11470-45,10201,111.0,114704142185,0.0,0,1,신대장,서울특별시 양천구 목동중앙북로16길 111,0,0,0,0,0,0,서울특별시 양천구 목동 558번지,,,,,,,2,집합,1,총괄표제부,83,11470,,,1258.35,0,,0,1055.17
3871.31,292.25,4,24.85,10200,양동중학교,,0600,0,20100129,0,,0,교육연구시설,0,0,,0,0,0,0,0,0,0,,0006,,3,Z8000,교육연구및복지시설,11470-705,10201,49.0,114703114007,0.0,0,1,신대장,서울특별시 양천구 목동중앙북로 49,0,0,0,0,15580,0,서울특별시 양천구 목동 600-6번지,,,,,,,1,일반,1,총괄표제부,84,11470,,,11467.8,64,,72.27,11259.17
145.5,0,0,0,10200,,,0602,0,20111021,0,,0,단독주택,2,0,,0,0,0,0,0,0,0,,0004,,2,01000,단독주택,11470-706,10201,33.0,114703114007,17.0,0,1,신대장,서울특별시 양천구 목동중앙북로 33-17,0,0,0,0,0,0,서울특별시 양천구 목동 602-4번지,,,,,,,1,일반,1,총괄표제부,85,11470,,,325.65,0,,0,275.25
265.06,0,0,0,10200,,,0603,0,20171118,0,,0,단독주택,2,0,,0,0,0,0,0,0,0,,0008,,2,01000,단독주택,11470-46,,0.0,,0.0,0,1,신대장,,0,0,0,0,0,0,서울특별시 양천구 목동 603-8번지,,,,,,,1,일반,1,총괄표제부,86,11470,,,428.83,0,,0,358.71
156.43,0,0,0,10200,,,0606,0,20130723,0,,0,제1종근린생활시설,1,0,,0,0,0,0,0,0,0,,0003,,2,03000,제1종근린생활시설,11470-79,10201,238.0,114703005064,0.0,0,1,신대장,서울특별시 양천구 등촌로 238,0,0,0,0,0,0,서울특별시 양천구 목동 606-3번지,,,,,,,1,일반,1,총괄표제부,87,11470,,,479.57,0,,0,366.84
433.39,0,0,51.17,10200,파크아리온,,0607,5,20180914,0,,0,"근린생활시설,오피스텔 및 도시형주택",0,0,,27,0,743.89,20,336.12,32,0,,0022,,2,14000,업무시설,11470-100226888,,0.0,,0.0,0,1,신대장,,42.65,4,0,0,846.9,0,서울특별시 양천구 목동 607-22번지,20170126,1101,신축허가,3140176,건축과,2017,2,집합,1,총괄표제부,88,11470,,20170304,3930.07,56,20180209,359.48,3044.47
281.16,0,0,49.52,10200,이가채,,0621,2,20171118,0,,0,도시형생활주택-단지형다세대,0,0,,20,0,0,9,0,0,0,,0002,,2,02000,공동주택,11470-100205602,,0.0,,0.0,0,1,신대장,,0,7,0,0,567.8,0,서울특별시 양천구 목동 621-2번지,20130401,1101,신축허가,3140160,건축과,2013,2,집합,1,총괄표제부,89,11470,,20130408,1240.65,16,20130823,218.5,1240.65
353.09,0,0,50.81,10200,석경트라움,,0622,2,20171205,0,,0,도시형생활주택(단지형다세대),0,0,,28,0,234.2,11,0,0,0,,0006,,2,02000,공동주택,11470-100203065,,0.0,,0.0,0,1,신대장,,99.2,9,0,0,694.9,0,서울특별시 양천구 목동 622-6번지,20120612,1101,신축허가,3140160,건축과,2012,2,집합,1,총괄표제부,90,11470,,20120619,1319.11,20,20121204,189.87,1319.11
298.74,0,0,59.53,10200,도화위너스빌,,0622,0,20140902,0,,0,도시형생활주택(단지형 다세대주택),0,0,,18,0,273.1,14,0,0,0,,0017,,2,02000,공동주택,11470-100198196,,0.0,,0.0,0,1,신대장,,0,0,0,0,501.8,0,서울특별시 양천구 목동 622-17번지,20110616,1101,신축허가,3140136,건축과,2011,2,집합,1,총괄표제부,91,11470,,20110707,999.97,14,20111122,199.28,999.97
325.2,0,0,57.84,10200,명진하이트빌,,0624,2,20191112,0,,0,도시형생활주택(단지형다세대주택),0,0,,20,0,126.5,11,0,0,0,,0010,,2,02000,공동주택,11470-100233808,10201,44.0,114704142194,0.0,0,1,신대장,서울특별시 양천구 목동중앙북로6길 44,57.5,5,0,0,562.2,0,서울특별시 양천구 목동 624-10번지,20190314,1101,신축허가,3140231,건축과,2019,2,집합,1,총괄표제부,92,11470,,20190429,1123.62,16,20191106,199.86,1123.62
217.68,0,0,0,10200,,,0639,0,20130315,0,,0,다세대주택,0,0,,19,0,0,0,0,0,0,,0005,,2,02000,공동주택,11470-372,,0.0,,0.0,0,1,신대장,,0,0,0,0,0,0,서울특별시 양천구 목동 639-5번지,,,,,,,2,집합,1,총괄표제부,93,11470,,,1072.52,0,,0,854.84
428.03,0,0,39.97,10200,신성그리스도의교회,,0643,0,20170113,0,,0,"종교시설,다가구주택",0,0,,0,0,0,0,0,0,0,,0002,,2,06000,종교시설,11470-100223288,,0.0,,0.0,0,1,신대장,,0,8,0,0,1071,0,서울특별시 양천구 목동 643-2번지,,,,,,,1,일반,1,총괄표제부,94,11470,,,860.13,8,,63.49,679.93
140.09,0,0,0,10200,,,0646,0,20160416,0,,0,단독주택,2,0,,0,0,0,0,0,0,0,,0024,,2,01000,단독주택,11470-96,,0.0,,0.0,0,1,신대장,,0,0,0,0,0,0,서울특별시 양천구 목동 646-24번지,,,,,,,1,일반,1,총괄표제부,95,11470,,,392.53,0,,0,280.18
399.81,0,0,0,10200,,,0657,0,20111021,0,,0,다세대주택,0,0,,19,0,0,0,0,0,0,,0008,,3,02000,공동주택,11470-722,10201,23.0,114704142135,0.0,0,1,신대장,서울특별시 양천구 목동중앙남로16라길 23,0,0,0,0,0,0,서울특별시 양천구 목동 657-8번지,,,,,,,2,집합,1,총괄표제부,96,11470,,,1599.24,0,,0,1199.43
688.08,0,0,0,10200,,,0657,0,20111021,0,,0,다세대주택,0,0,,18,0,0,0,0,0,0,,0012,,2,02000,공동주택,11470-723,10201,17.0,114704142135,0.0,0,1,신대장,서울특별시 양천구 목동중앙남로16라길 17,0,0,0,0,0,0,서울특별시 양천구 목동 657-12번지,,,,,,,2,집합,1,총괄표제부,97,11470,,,1319.88,0,,0,1213.92
703.34,0,0,45.53,10200,등촌빌딩,,0657,1,20120913,0,,0,"근린생활시설,업무시설",0,0,,0,0,295.16,8,0,0,0,,0021,,2,03000,제1종근린생활시설,11470-419,10201,172.0,114703005064,0.0,0,1,신대장,서울특별시 양천구 등촌로 172,238.55,10,0,0,1544.5,0,서울특별시 양천구 목동 657-21번지,19851008,,,,,,2,집합,1,총괄표제부,98,11470,,,2963.9,18,19860818,147.74,2281.96
4479.49,162.32,2,35.04,10200,성원아파트,,0709,16,20211109,0,,0,경사스라브,0,0,,423,0,0,377,0,0,0,,0002,,4,02000,공동주택,11470-666,10201,100.0,114703114004,0.0,0,0,구대장,서울특별시 양천구 목동중앙남로 100,0,119,0,0,12783.1,0,서울특별시 양천구 목동 709-2번지,,,,,,,2,집합,1,총괄표제부,99,11470,,,59209.65,496,,336.5,43015.13
411.86,0,0,0,10200,,,0713,0,20171118,0,,0,다세대주택,0,0,,17,0,0,0,0,0,0,,0002,,2,02000,공동주택,11470-1,10201,130.0,114703005064,0.0,0,1,신대장,서울특별시 양천구 등촌로 130,0,0,0,0,0,0,서울특별시 양천구 목동 713-2번지,,,,,,,2,집합,1,총괄표제부,100,11470,,,801.9,0,,0,627.99
381.64,0,0,49.26,10200,목동월드파크빌,,0713,1,20171219,0,,0,도시형생활주택(단지형다세대주택)및 업무시설(오피스텔),0,0,,28,21,0,5,0,13,0,,0011,,2,02000,공동주택,11470-100217965,,0.0,,0.0,0,1,신대장,,0,12,0,0,774.7,0,서울특별시 양천구 목동 713-11번지,20150511,1101,신축허가,3140176,건축과,2015,2,집합,1,총괄표제부,101,11470,,20150821,2484.47,30,20160422,245.98,1905.61
321.38,0,0,49.94,10200,엠펠리체,,0713,2,20171118,0,,0,오피스텔및다세대주택,0,0,,24,0,643.54,16,0,0,0,,0014,,2,02000,공동주택,11470-100220667,,0.0,,0.0,0,1,신대장,,77.15,8,0,0,643.5,0,서울특별시 양천구 목동 713-14번지,20151221,1101,신축허가,3140176,건축과,2015,2,집합,1,총괄표제부,102,11470,,20160211,2048.28,24,20160912,249.83,1607.68
241.36,0,0,0,10200,,,0715,0,20111021,0,,0,연립주택,0,0,,7,0,0,0,0,0,0,,0010,,2,02000,공동주택,11470-2,10201,9.0,114704142130,7.0,0,1,신대장,서울특별시 양천구 목동중앙남로14길 9-7,0,0,0,0,0,0,서울특별시 양천구 목동 715-10번지,,,,,,,2,집합,1,총괄표제부,103,11470,,,560.97,0,,0,482.72
266.69,0,0,57.27,10200,나린하우징7차,,0716,0,20200813,0,,0,도시형생활주택(단지형다세대),0,0,,16,0,0,7,0,0,0,,0002,,2,02000,공동주택,11470-100239888,10201,17.0,114704142129,0.0,0,1,신대장,서울특별시 양천구 목동중앙남로14가길 17,0,5,0,0,465.7,0,서울특별시 양천구 목동 716-2번지,20191230,1101,신축허가,3140231,건축과,2019,2,집합,1,총괄표제부,104,11470,,20200212,930.19,12,20200811,199.74,930.19
540.12,0,0,48.29,10200,예지팰리스92차,,0716,0,20180914,0,,0,도시형생활주택(단지형다세대),0,0,,30,0,0,16,0,0,0,,0015,,3,02000,공동주택,11470-100227609,10201,9.0,114704142130,14.0,0,1,신대장,서울특별시 양천구 목동중앙남로14길 9-14,0,8,0,0,1118.6,0,서울특별시 양천구 목동 716-15번지,20160930,1101,신축허가,3140176,건축과,2016,2,집합,1,총괄표제부,105,11470,,20161121,1977.44,24,20180426,176.78,1977.44
180.84,0,0,0,10200,,,0717,0,20111021,0,,0,다세대주택,0,0,,19,0,0,0,0,0,0,,0051,,2,02000,공동주택,11470-724,10201,19.0,114704142178,10.0,0,1,신대장,서울특별시 양천구 목동중앙본로7가길 19-10,0,0,0,0,0,0,서울특별시 양천구 목동 717-51번지,,,,,,,2,집합,1,총괄표제부,106,11470,,,899.88,0,,0,719.04
200.6,0,0,0,10200,,,0717,0,20111021,0,,0,다세대주택,0,0,,18,0,0,0,0,0,0,,0052,,2,02000,공동주택,11470-314,10201,19.0,114704142178,12.0,0,1,신대장,서울특별시 양천구 목동중앙본로7가길 19-12,0,0,0,0,0,0,서울특별시 양천구 목동 717-52번지,,,,,,,2,집합,1,총괄표제부,107,11470,,,919.94,0,,0,768.75
394.62,0,0,45.94,10200,목동토레스타워,,0721,0,20180914,0,,0,업무시설(오피스텔),0,0,,24,0,210.4,19,0,0,0,,0005,,2,02000,공동주택,11470-100226648,,0.0,,0.0,0,1,신대장,,174.7,15,0,0,859,0,서울특별시 양천구 목동 721-5번지,20161027,1101,신축허가,3140176,건축과,2016,2,집합,1,총괄표제부,108,11470,,20161212,2804.5,34,20180108,249.73,2145.16
542.74,0,0,56.56,10200,성은교회,,0721,0,20210112,0,,0,문화및집회시설(교회),1,0,,0,0,318.12,12,0,0,0,,0008,,2,06000,종교시설,11470-195,10201,30.0,114704142127,0.0,0,1,신대장,서울특별시 양천구 목동중앙남로11길 30,0,1,0,0,959.6,0,서울특별시 양천구 목동 721-8번지,,,,,,,1,일반,1,총괄표제부,109,11470,,,1995.2,13,,124.31,1192.88
950.04,4354.9,4,26.38,10200,세종그랑시아 아파트,,0722,1,20090320,0,,0,"공동주택(아파트),근린생활시설",0,0,,106,0,3975.72,97,0,0,0,,0005,,4,02000,공동주택,11470-424,10201,59.0,114704142139,0.0,0,1,신대장,서울특별시 양천구 목동중앙남로3가길 59,178,32,0,0,3601.1,0,서울특별시 양천구 목동 722-5번지,20000311,,,,,,2,집합,1,총괄표제부,110,11470,,20001209,16356.28,129,20030517,323.32,11643.23
88.21,0,0,42.23,10200,,,0723,0,20150801,0,,0,단독주택/제1종근린생활시설(소매점),0,0,,0,0,0,0,0,0,0,,0005,,2,01000,단독주택,11470-100214226,,0.0,,0.0,0,1,신대장,,0,0,0,0,208.9,0,서울특별시 양천구 목동 723-5번지,,,,,,,1,일반,1,총괄표제부,111,11470,,,114.98,0,,51.56,107.71
432.64,0,0,55.11,10200,한울타워팰리스,,0723,0,20120717,0,,0,도시형생활주택(다세대주택),0,0,,29,0,385.39,24,0,0,0,,0019,,3,02000,공동주택,11470-100201405,,0.0,,0.0,0,1,신대장,,0,0,0,0,785,0,서울특별시 양천구 목동 723-19번지,20111226,1101,신축허가,3140136,건축과,2011,2,집합,1,총괄표제부,112,11470,,20120213,1569.69,24,20120713,199.96,1569.69
319.68,0,0,55.92,10200,황금빌,,0724,3,20171205,0,,0,도시형생활주택(단지형다세대),0,0,,21,0,187.4,17,0,0,0,,0005,,2,02000,공동주택,11470-100225308,,0.0,,0.0,0,1,신대장,,0,0,0,0,571.7,0,서울특별시 양천구 목동 724-5번지,20161130,1101,신축허가,3140176,건축과,2016,2,집합,1,총괄표제부,113,11470,,20161205,1141.06,17,20170725,199.59,1141.06
366.16,0,0,48.49,10200,이가채,,0728,4,20140902,0,,0,도시형생활주택(단지형다세대),0,0,,28,0,0,7,0,0,0,,0011,,2,02000,공동주택,11470-100208785,,0.0,,0.0,0,1,신대장,,0,13,0,0,755.1,0,서울특별시 양천구 목동 728-11번지,20140228,1101,신축허가,3140176,건축과,2014,2,집합,1,총괄표제부,114,11470,,20140311,1318.82,20,20140710,174.66,1318.82
289.14,0,0,57.98,10200,미라벨,,0733,2,20171118,0,,0,도시형생활주택(단지형다세대),0,0,,22,0,0,10,0,0,0,,0004,,2,02000,공동주택,11470-100216950,,0.0,,0.0,0,1,신대장,,0,6,0,0,498.7,0,서울특별시 양천구 목동 733-4번지,20150821,1101,신축허가,3140176,건축과,2015,2,집합,1,총괄표제부,115,11470,,20150903,938.63,16,20160216,188.24,938.63
401.04,0,0,0,10200,,,0734,0,20111021,0,,0,다세대주택,0,0,,16,0,0,0,0,0,0,,0004,,2,02000,공동주택,11470-103,10201,8.0,114704142139,10.0,0,1,신대장,서울특별시 양천구 목동중앙남로3가길 8-10,0,0,0,0,0,0,서울특별시 양천구 목동 734-4번지,,,,,,,2,집합,1,총괄표제부,116,11470,,,1056.32,0,,0,943.7
1394.1694,0,0,38.28,10200,목동길성그랑프리텔,,0739,6,20090512,0,,0,아파트,0,0,,121,0,1623.6726,85,0,0,0,,0005,,2,02000,공동주택,11470-418,10201,37.0,114704142179,20.0,0,1,신대장,서울특별시 양천구 목동중앙본로7길 37-20,0,19,0,0,3641.8,0,서울특별시 양천구 목동 739-5번지,20000318,,,,,,2,집합,1,총괄표제부,117,11470,,20001023,12860.9207,104,20030111,278.48,10141.8369
171.98,0,0,0,10200,,,0743,0,20111021,0,,0,다세대주택,0,0,,14,0,0,0,0,0,0,,0016,,2,02000,공동주택,11470-725,10201,86.0,114704142151,0.0,0,1,신대장,서울특별시 양천구 목동중앙로3길 86,0,0,0,0,0,0,서울특별시 양천구 목동 743-16번지,,,,,,,2,집합,1,총괄표제부,118,11470,,,597.9,0,,0,424.72
263.88,0,0,55.552,10200,,,0744,1,20180620,0,,0,도시형생활주택(단지형다세대주택),0,0,,18,0,103.5,9,0,0,0,,0009,,2,02000,공동주택,11470-100228028,10201,46.0,114704142177,0.0,0,1,신대장,서울특별시 양천구 목동중앙본로5길 46,57.5,5,0,0,475,0,서울특별시 양천구 목동 744-9번지,20170811,1101,신축허가,3140176,건축과,2017,2,집합,1,총괄표제부,119,11470,,20171031,944.57,14,20180619,198.86,944.57
186.15,0,0,0,10200,,,0746,0,20111021,0,,0,단독주택,3,0,,0,0,0,0,0,0,0,,0027,,3,01000,단독주택,11470-98,10201,8.0,114704142163,11.0,0,1,신대장,서울특별시 양천구 목동중앙본로1길 8-11,0,0,0,0,0,0,서울특별시 양천구 목동 746-27번지,,,,,,,1,일반,1,총괄표제부,120,11470,,,498.55,0,,0,415.02
150.64,0,0,0,10200,,,0748,0,20111021,0,,0,단독주택,2,0,,0,0,0,0,0,0,0,,0011,,2,01000,단독주택,11470-99,10201,20.0,114704142176,0.0,0,1,신대장,서울특별시 양천구 목동중앙본로3길 20,0,0,0,0,0,0,서울특별시 양천구 목동 748-11번지,,,,,,,1,일반,1,총괄표제부,121,11470,,,330.03,0,,0,299.11
1868.47,637.98,3,30.16,10200,극동늘푸른아파트,,0752,5,20171118,0,,0,"공동주택(아파트), 부대시설",0,0,,206,0,1932,168,0,0,0,,0001,,5,02000,공동주택,11470-667,10201,10.0,114703114006,0.0,0,0,구대장,서울특별시 양천구 목동중앙본로 10,506,44,0,0,6193.8,0,서울특별시 양천구 목동 752-1번지,,,,,,,2,집합,1,총괄표제부,122,11470,,,28282.32,212,,344.67,21348.51
3649.38,48,2,24.03,10200,서울정목초등학교,,0757,7,20220519,0,,0,교육연구및복지시설,0,0,,0,0,3356,100,0,0,0,,0001,,3,10000,교육연구시설,11470-296,10201,30.0,114704142151,10.0,0,1,신대장,서울특별시 양천구 목동중앙로3길 30-10,495,43,0,0,15184.4,0,서울특별시 양천구 목동 757-1번지,,,,,,,1,일반,1,총괄표제부,123,11470,,,15800.47,143,20050718,71.68,10884.05
164.34,0,0,0,10200,,,0762,0,20171118,0,,0,다세대주택,0,0,,16,0,0,0,0,0,0,,0005,,2,02000,공동주택,11470-726,10201,75.0,114703114005,0.0,0,1,신대장,서울특별시 양천구 목동중앙로 75,0,0,0,0,0,0,서울특별시 양천구 목동 762-5번지,,,,,,,2,집합,1,총괄표제부,124,11470,,,657.36,0,,0,493.02
163.86,0,0,0,10200,,,0762,0,20111021,0,,0,다세대주택,0,0,,16,0,0,0,0,0,0,,0009,,2,02000,공동주택,11470-727,10201,73.0,114703114005,1.0,0,1,신대장,서울특별시 양천구 목동중앙로 73-1,0,0,0,0,0,0,서울특별시 양천구 목동 762-9번지,,,,,,,2,집합,1,총괄표제부,125,11470,,,655.44,0,,0,491.58
1481.57,67.5,1,32.56,10200,목동성원아파트,,0763,2,20111021,0,,0,"공동주택, 근린생활시설",0,0,,155,0,6575.66,164,0,0,0,,0001,,3,02000,공동주택,11470-668,10201,67.0,114703114005,0.0,0,0,구대장,서울특별시 양천구 목동중앙로 67,207,18,0,0,4549,0,서울특별시 양천구 목동 763-1번지,,,,,,,2,집합,1,총괄표제부,126,11470,,,22552.92,182,,335.14,15245.92
955.95,0,3,26.24,10200,금호아파트,,0768,0,20171205,0,,0,"아파트, 상가",0,0,,103,0,759,66,0,0,0,,0005,,1,02000,공동주택,11470-669,10201,11.0,114704142140,0.0,0,0,구대장,서울특별시 양천구 목동중앙남로3길 11,230,20,0,0,3643.2,0,서울특별시 양천구 목동 768-5번지,,,,,,,2,집합,1,총괄표제부,127,11470,,,12680.93,86,,261.74,9535.85
230.09,0,0,50.0958,10200,,,0771,0,20130319,0,,0,"다세대주택, 근린생활시설",0,0,,16,2,0,0,0,0,0,,0026,,2,02000,공동주택,11470-100203725,,0.0,,0.0,0,1,신대장,,126.5,11,0,0,459.3,0,서울특별시 양천구 목동 771-26번지,20120416,1101,신축허가,3140160,건축과,2012,2,집합,1,총괄표제부,128,11470,,20120507,681.75,11,20130102,148.4324,681.75
160,0,0,0,10200,,,0772,0,20111021,0,,0,단독주택,2,0,,0,0,0,0,0,0,0,,0003,,2,01000,단독주택,11470-81,10201,7.0,114703114004,2.0,0,1,신대장,서울특별시 양천구 목동중앙남로 7-2,0,0,0,0,0,0,서울특별시 양천구 목동 772-3번지,,,,,,,1,일반,1,총괄표제부,129,11470,,,308.76,0,,0,262.48
438.79,0,0,51.3,10200,다인빌,,0779,0,20200520,0,,0,공동주택(단지형다세대주택),0,0,,28,0,181.2,15,0,0,0,,0002,,2,02000,공동주택,11470-100235708,,0.0,,0.0,0,1,신대장,,98.7,8,0,0,855.4,0,서울특별시 양천구 목동 779-2번지,20190620,1101,신축허가,3140231,건축과,2019,2,집합,1,총괄표제부,130,11470,,20190718,1319.36,23,20200519,154.24,1319.36
291.66,0,0,52.01,10200,주원베르빌,,0779,0,20140520,0,,0,도시형생활주택-단지형다세대,0,0,,20,0,0,12,0,0,0,,0014,,2,02000,공동주택,11470-100202985,,0.0,,0.0,0,1,신대장,,0,4,0,0,560.8,0,서울특별시 양천구 목동 779-14번지,20120607,1101,신축허가,3140160,건축과,2012,2,집합,1,총괄표제부,131,11470,,20120704,1168.46,16,20121127,208.36,1168.46
190.91,0,0,0,10200,,,0779,0,20111021,0,,0,단독주택,3,0,,0,0,0,0,0,0,0,,0019,,3,01000,단독주택,11470-82,10201,49.0,114704142205,10.0,0,1,신대장,서울특별시 양천구 목동중앙서로11길 49-10,0,0,0,0,0,0,서울특별시 양천구 목동 779-19번지,,,,,,,1,일반,1,총괄표제부,132,11470,,,328.1,0,,0,190.91
122.08,0,0,0,10200,,,0779,0,20111021,0,,0,단독주택,2,0,,0,0,0,0,0,0,0,,0036,,2,01000,단독주택,11470-100,10201,55.0,114704142205,0.0,0,1,신대장,서울특별시 양천구 목동중앙서로11길 55,0,0,0,0,0,0,서울특별시 양천구 목동 779-36번지,,,,,,,1,일반,1,총괄표제부,133,11470,,,397.87,0,,0,234.46
135.61,0,0,0,10200,,,0780,0,20111021,0,,0,단독주택,2,0,,0,0,0,0,0,0,0,,0010,,2,01000,단독주택,11470-709,10201,72.0,114704142205,5.0,0,1,신대장,서울특별시 양천구 목동중앙서로11길 72-5,0,0,0,0,0,0,서울특별시 양천구 목동 780-10번지,,,,,,,1,일반,1,총괄표제부,134,11470,,,340.88,0,,0,205.27
331.83,0,0,59.97,10200,아인펠리체 2차,,0780,0,20171013,0,,0,공동주택(도시형생활주택-단지형다세대),0,0,,23,0,0,0,0,0,0,,0022,,2,02000,공동주택,11470-100219167,,0.0,,0.0,0,1,신대장,,184,16,0,0,553.3,0,서울특별시 양천구 목동 780-22번지,20151222,1101,신축허가,3140176,건축과,2015,2,집합,1,총괄표제부,135,11470,,20160128,1088.19,16,20160711,196.67,1088.19
112.85,0,0,0,10200,,,0781,0,20210112,0,,0,단독주택,2,0,,0,0,0,0,0,0,0,,0020,,2,01000,단독주택,11470-313,10201,39.0,114704142212,0.0,0,1,신대장,서울특별시 양천구 목동중앙서로7길 39,0,0,0,0,0,0,서울특별시 양천구 목동 781-20번지,,,,,,,1,일반,1,총괄표제부,136,11470,,,276.32,0,,0,225.7
171.24,0,0,0,10200,,,0782,0,20111021,0,,0,근린생활시설,0,0,,0,0,0,0,0,0,0,,0001,,2,04000,제2종근린생활시설,11470-84,10201,62.0,114703005064,0.0,0,1,신대장,서울특별시 양천구 등촌로 62,0,0,0,0,0,0,서울특별시 양천구 목동 782-1번지,,,,,,,1,일반,1,총괄표제부,137,11470,,,697.85,0,,0,534.87
491.44,0,0,27.8,10200,대흥교회,,0784,4,20211027,0,,0,교회,0,0,,0,0,0,0,0,0,0,,0030,,2,05000,문화및집회시설,11470-100243249,10201,30.0,114704142213,0.0,0,1,신대장,서울특별시 양천구 목동중앙서로7나길 30,149.5,13,0,0,1768,0,서울특별시 양천구 목동 784-30번지,,,,,,,1,일반,1,총괄표제부,138,11470,,,1402.92,13,19771020,45.39,802.46
450.24,0,0,0,10200,,,0784,0,20111021,0,,0,단독주택,6,0,,0,0,0,0,0,0,0,,0031,,6,01000,단독주택,11470-101,10201,12.0,114704142213,69.0,0,1,신대장,서울특별시 양천구 목동중앙서로7나길 12-69,0,0,0,0,0,0,서울특별시 양천구 목동 784-31번지,,,,,,,1,일반,1,총괄표제부,139,11470,,,900.48,0,,0,450.24
343.72,0,0,48.62,10200,목동솔리스타,,0793,0,20210604,0,,0,"업무시설(오피스텔 및 공동주택,근린생활시설)",0,0,,18,61,0,2,0,38,0,,0006,,2,14000,업무시설,11470-100242088,10201,20.0,114703005064,0.0,0,1,신대장,서울특별시 양천구 등촌로 20,0,0,0,0,707,0,서울특별시 양천구 목동 793-6번지,20200219,1101,신축허가,3140231,건축과,2020,2,집합,1,총괄표제부,140,11470,,20200422,3641.52,40,20210603,459.92,3251.65
443.16,0,0,0,10200,,,0795,0,20111021,0,,0,근린생활시설,0,0,,0,0,0,0,0,0,0,,0014,,2,04000,제2종근린생활시설,11470-102,10201,5.0,114704142209,0.0,0,1,신대장,서울특별시 양천구 목동중앙서로4길 5,0,0,0,0,0,0,서울특별시 양천구 목동 795-14번지,,,,,,,1,일반,1,총괄표제부,141,11470,,,1113.48,0,,0,690.12
167.05,0,0,49.99,10200,,,0799,0,20090320,0,,0,제1종근린생활시설,0,0,,0,0,0,0,0,0,0,,0001,,2,03000,제1종근린생활시설,11470-555,10201,42.0,114703114008,0.0,0,1,신대장,서울특별시 양천구 목동중앙서로 42,0,0,0,0,334.2,0,서울특별시 양천구 목동 799-1번지,,,,,,,1,일반,1,총괄표제부,142,11470,,,331.37,2,,88.7,296.45
635.84,0,0,0,10200,,,0804,0,20111021,0,,0,다세대주택,0,0,,19,0,0,0,0,0,0,,0034,,2,02000,공동주택,11470-106,10201,43.0,114704142210,0.0,0,1,신대장,서울특별시 양천구 목동중앙서로6길 43,0,0,0,0,0,0,서울특별시 양천구 목동 804-34번지,19921230,,,,,,2,집합,1,총괄표제부,143,11470,,,1315.51,0,19930603,0,1049.84
605.36,0,0,0,10200,,,0804,0,20111021,0,,0,다세대주택,0,0,,19,0,0,0,0,0,0,,0052,,2,02000,공동주택,11470-315,10201,45.0,114704142210,0.0,0,1,신대장,서울특별시 양천구 목동중앙서로6길 45,0,0,0,0,0,0,서울특별시 양천구 목동 804-52번지,,,,,,,2,집합,1,총괄표제부,144,11470,,,1312.66,0,,0,1047
133.22,0,0,0,10200,,,0805,0,20111021,0,,0,단독주택,2,0,,0,0,0,0,0,0,0,,0031,,2,01000,단독주택,11470-104,10201,30.0,114704142215,0.0,0,1,신대장,서울특별시 양천구 목동중앙서로8가길 30,0,0,0,0,0,0,서울특별시 양천구 목동 805-31번지,,,,,,,1,일반,1,총괄표제부,145,11470,,,160.8,0,,0,133.22
9958.67,0,0,18.66,10200,열병합설비,,0900,0,20181205,0,,0,열병합발전소,0,0,,0,0,0,0,0,0,0,,0000,,9,25000,발전시설,11470-100220515,10202,20.0,114703114003,0.0,0,1,신대장,서울특별시 양천구 목동서로 20,0,162,0,0,53344.3,0,서울특별시 양천구 목동 900번지,,,,,,,1,일반,1,총괄표제부,146,11470,,,21562.29,162,,34.25,18272.91
1752.13,0,0,19.53,10200,서울지방식품의약품안전청,,0900,1,20161105,0,,0,공공업무시설,0,0,,0,0,3643.41,120,0,0,0,,0002,,2,14000,업무시설,11470-100197706,,0.0,,0.0,0,1,신대장,,0,0,0,0,8970,0,서울특별시 양천구 목동 900-2번지,20031124,,,,,,1,일반,1,총괄표제부,147,11470,,20031230,11336.3,120,20051207,72.9,6539.23
6512,0,0,38.5,10200,양천자원회수시설,,0900,0,20160915,0,,0,자원순환관련시설,0,0,,0,0,0,0,0,0,0,,0021,,5,30000,자원순환관련시설,11470-100220532,,0.0,,0.0,0,1,신대장,,0,42,0,0,16914.1,0,서울특별시 양천구 목동 900-21번지,,,,,,,1,일반,1,총괄표제부,148,11470,,,14407.9,42,,76.47,12934.18
27010.33,108,1,0,10200,목동신시가지아파트,,0901,0,20220503,0,,0,"아파트, 근린생활시설",0,0,,1882,55,0,0,0,0,0,,0000,,38,02000,공동주택,11470-671,10202,38.0,114703114003,0.0,0,0,구대장,서울특별시 양천구 목동서로 38,0,1104,0,0,0,0,서울특별시 양천구 목동 901번지,,,,,,,2,집합,1,총괄표제부,149,11470,,,219757.75,1104,,0,201619.59
3053.16,36,1,25.3,10200,서울월촌초등학교,,0901,0,20180914,0,,0,,0,0,,0,0,0,0,0,0,0,,0001,,2,,,11470-100226091,10201,132.0,114703114005,0.0,0,1,신대장,서울특별시 양천구 목동중앙로 132,0,32,0,0,12067.7,0,서울특별시 양천구 목동 901-1번지,,,,,,,1,일반,1,총괄표제부,150,11470,,,9550.19,32,,76.83,9271.19
25931.68,2924.45,2,0,10200,목동신시가지아파트,,0902,0,20171205,0,,0,"아파트, 근린생활시설",0,0,,1640,53,0,0,0,0,0,,0000,,40,02000,공동주택,11470-672,10202,70.0,114703114003,0.0,0,0,구대장,서울특별시 양천구 목동서로 70,0,1306,0,0,0,0,서울특별시 양천구 목동 902번지,,,,,,,2,집합,1,총괄표제부,151,11470,,,208958.02,1306,,0,192809.51
24014.77,133.12,1,0,10200,목동신시가지아파트,,0903,0,20171205,0,,0,"아파트, 근린생활시설",0,0,,1588,47,0,0,0,0,0,,0000,,33,02000,공동주택,11470-673,10202,100.0,114703114003,0.0,0,0,구대장,서울특별시 양천구 목동서로 100,0,1199,0,0,0,0,서울특별시 양천구 목동 903번지,,,,,,,2,집합,1,총괄표제부,152,11470,,,193732.32,1199,,0,178877.01
2945.18,0,0,23.36,10200,서울영도초등학교,,0903,0,20200521,0,,0,교육연구및복지시설,0,0,,0,0,0,0,0,0,0,,0001,,2,10000,교육연구시설,11470-100233748,10201,70.0,114703114005,0.0,0,1,신대장,서울특별시 양천구 목동중앙로 70,0,0,0,0,12605.6,0,서울특별시 양천구 목동 903-1번지,,,,,,,1,일반,1,총괄표제부,153,11470,,,10888.28,0,,85.55,10784.24
13589.98,54,1,0,10200,목동신시가지아파트,,0904,0,20171205,0,,0,"아파트, 근린생활시설",0,0,,1382,43,0,0,0,0,0,,0000,,19,02000,공동주택,11470-674,10202,130.0,114703114003,0.0,0,0,구대장,서울특별시 양천구 목동서로 130,0,757,0,0,0,0,서울특별시 양천구 목동 904번지,,,,,,,2,집합,1,총괄표제부,154,11470,,,137771.25,757,,0,126616.32
394.08,0,0,0,10200,,,0904,0,20171205,0,,0,제1종근린생활시설,0,0,,0,0,0,0,0,0,0,,0019,,2,03000,제1종근린생활시설,11470-86,10201,23.0,114703114005,0.0,0,1,신대장,서울특별시 양천구 목동중앙로 23,0,0,0,0,0,0,서울특별시 양천구 목동 904-19번지,,,,,,,1,일반,1,총괄표제부,155,11470,,,1431.78,0,,0,1411.28
477.5,0,0,0,10200,,,0906,0,20111021,0,,0,,0,0,,0,0,0,0,0,0,0,,0000,,2,05000,문화및집회시설,11470-713,10202,363.0,114703114001,0.0,0,1,신대장,서울특별시 양천구 목동동로 363,0,0,0,0,0,0,서울특별시 양천구 목동 906번지,,,,,,,1,일반,1,총괄표제부,156,11470,,,549.5,0,,0,477.5
686.95,0,0,37.37,10200,,,0907,0,20100513,0,,0,종교시설,0,0,,0,0,0,0,0,0,0,,0002,,2,06000,종교시설,11470-107,10202,371.0,114703114001,0.0,0,1,신대장,서울특별시 양천구 목동동로 371,177.5,15,0,0,1838.2,0,서울특별시 양천구 목동 907-2번지,,,,,,,1,일반,1,총괄표제부,157,11470,,,2353.88,15,,93.15,1712.28
10938.3,1669.98,1,0,10200,목동신시가지아파트,,0911,0,20211216,0,,0,"아파트, 근린생활시설",0,0,,1368,41,0,0,0,0,0,,0000,,17,02000,공동주택,11470-675,10202,430.0,114703114001,0.0,0,0,구대장,서울특별시 양천구 목동동로 430,0,783,0,0,0,0,서울특별시 양천구 목동 911번지,,,,,,,2,집합,1,총괄표제부,158,11470,,,142543.9,783,,0,131615.62
10004.7,37.2,2,35.98,10200,이대목동병원,,0911,0,20210629,0,,0,종합병원,0,0,,0,0,0,0,0,396,0,,0001,,4,09000,의료시설,11470-100186127,10202,1071.0,114703000010,0.0,0,1,신대장,서울특별시 양천구 안양천로 1071,0,329,0,0,27805.4,0,서울특별시 양천구 목동 911-1번지,,,,,,,1,일반,1,총괄표제부,159,11470,,,71532.39,725,,199.94,55594.76
9159.33,218,4,23.037297,10200,양정고등학교,,0911,1,20180914,0,,0,교육연구시설,0,0,,0,0,0,0,0,0,0,,0002,,9,10000,교육연구시설,11470-100191184,10202,1039.0,114703000010,0.0,0,1,신대장,서울특별시 양천구 안양천로 1039,1598.5,139,0,0,39758.7,0,서울특별시 양천구 목동 911-2번지,,,,,,,1,일반,1,총괄표제부,160,11470,,,27837.26,139,,64.110169,25489.37
2672.09,55.68,1,23.18,10200,서울경인초등학교,,0911,0,20210112,0,,0,교육연구및복지시설,0,0,,0,0,449.8,37,0,0,0,,0004,,2,10000,교육연구시설,11470-289,10202,1009.0,114703000010,0.0,0,1,신대장,서울특별시 양천구 안양천로 1009,0,0,0,0,11525.8,0,서울특별시 양천구 목동 911-4번지,,,,,,,1,일반,1,총괄표제부,161,11470,,,8599.16,0,19960403,71.77,8271.95
26043.89,1752.36,2,0,10200,목동신시가지아파트,,0912,1,20190925,0,,0,"아파트, 근린생활시설",0,0,,1848,50,0,0,0,0,0,,0000,,41,02000,공동주택,11470-676,10202,350.0,114703114001,0.0,0,0,구대장,서울특별시 양천구 목동동로 350,0,1444,0,0,0,0,서울특별시 양천구 목동 912번지,,,,,,,2,집합,1,총괄표제부,162,11470,,,229059.97,1444,,0,209298.37
29851.43,0,0,0,10200,,,0914,0,20171118,0,,0,문화및집회시설,0,0,,0,0,0,0,0,0,0,,0000,,3,05000,문화및집회시설,11470-88,10202,939.0,114703000010,0.0,0,1,신대장,서울특별시 양천구 안양천로 939,0,0,0,0,0,0,서울특별시 양천구 목동 914번지,,,,,,,1,일반,1,총괄표제부,163,11470,,,55939.58,0,,0,51712.16
6142.74,413.2,1,6.09,10200,,,0915,0,20210319,0,,0,양수장,0,0,,0,0,0,0,0,0,0,,0000,,6,03000,제1종근린생활시설,11470-299,10202,298.0,114703114001,0.0,0,1,신대장,서울특별시 양천구 목동동로 298,0,0,0,0,100824.3,0,서울특별시 양천구 목동 915번지,,,,,,,1,일반,1,총괄표제부,164,11470,,,10132.1,0,,8.84,8911.5
331.13,0,0,0,10200,,,0919,0,20200207,0,,0,,0,0,,0,0,0,0,0,0,0,,0003,,2,03000,제1종근린생활시설,11470-89,10202,192.0,114703114003,0.0,0,1,신대장,서울특별시 양천구 목동서로 192,0,0,0,0,0,0,서울특별시 양천구 목동 919-3번지,,,,,,,1,일반,1,총괄표제부,165,11470,,,1008.4,0,,0,832.9
21750.75,2180.9,3,0,10200,목동신시가지아파트,,0925,4,20211124,0,,0,"아파트, 근린생활시설",0,0,,2550,52,0,0,0,0,0,,0000,,37,02000,공동주택,11470-677,10202,186.0,114703114002,0.0,0,1,신대장,서울특별시 양천구 목동로 186,0,1285,0,0,0,0,서울특별시 양천구 목동 925번지,,,,,,,2,집합,1,총괄표제부,166,11470,,,241844.22,1285,,0,228964.05
774.76,0,0,0,10200,,,0926,0,20171205,0,,0,아파트,0,0,,94,0,0,31,0,0,0,,0007,,2,02000,공동주택,11470-729,10202,236.0,114703114003,0.0,0,1,신대장,서울특별시 양천구 목동서로 236,0,27,0,0,0,0,서울특별시 양천구 목동 926-7번지,,,,,,,2,집합,1,총괄표제부,167,11470,,,9150.63,58,,0,9049.54
1864.56,0,0,0,10200,,,0926,0,20171118,0,,0,아파트,0,0,,200,0,0,0,0,0,0,,0008,,3,02000,공동주택,11470-4,10202,234.0,114703114003,0.0,0,1,신대장,서울특별시 양천구 목동서로 234,0,0,0,0,0,0,서울특별시 양천구 목동 926-8번지,,,,,,,2,집합,1,총괄표제부,168,11470,,,24522.86,0,,0,18968.46
2976.6,72,2,23.7,10200,서정초등학교,,0927,0,20171118,0,,0,교육연구시설,0,0,,0,0,0,0,0,0,0,,0005,,2,10000,교육연구시설,11470-100191014,10201,19.0,114704142118,0.0,0,0,구대장,서울특별시 양천구 목동로8길 19,0,50,0,0,12556.4,0,서울특별시 양천구 목동 927-5번지,,,,,,,1,일반,1,총괄표제부,169,11470,,,10002.59,50,,78.09,9805.79
5732.24,1851.94,1,28.9,10200,진명여고,,0927,0,20191209,0,,0,교육연구시설,0,0,,0,0,0,0,0,0,0,,0006,,2,10000,교육연구시설,11470-662,10202,170.0,114703114002,0.0,0,1,신대장,서울특별시 양천구 목동로 170,872.5,75,0,0,19834.9,0,서울특별시 양천구 목동 927-6번지,,,,,,,1,일반,1,총괄표제부,170,11470,,,16781.99,75,,79.88,15843.94
3232.31,4386,1,28.18,10200,건영아파트,,0928,0,20111021,0,,0,"아파트, 부대시설",0,0,,299,0,0,102,0,0,0,,0000,,4,02000,공동주택,11470-678,10201,63.0,114704142165,0.0,0,0,구대장,서울특별시 양천구 목동중앙본로22길 63,0,106,0,0,11468.9,0,서울특별시 양천구 목동 928번지,,,,,,,2,집합,1,총괄표제부,171,11470,,,35081.05,0,,256.83,29455.57
13645.57,24067.64,6,21.07,10200,"목동청구아파트,목동한신아파트",,0929,0,20171205,0,,0,"아파트, 생활편익시설",0,0,,1512,0,0,648,0,0,0,,0000,,17,02000,공동주택,11470-679,10201,22.0,114704142122,0.0,0,0,구대장,서울특별시 양천구 목동서로2길 22,0,711,0,0,64759.8,0,서울특별시 양천구 목동 929번지,,,,,,,2,집합,1,총괄표제부,172,11470,,,186225.75,1359,,233.95,151506.1
1910.94,45.62,2,0,10200,,,0930,0,20111021,0,,0,아파트,0,0,,209,0,0,0,0,0,0,,0000,,2,02000,공동주택,11470-730,10202,202.0,114703114001,0.0,0,1,신대장,서울특별시 양천구 목동동로 202,0,0,0,0,0,0,서울특별시 양천구 목동 930번지,,,,,,,2,집합,1,총괄표제부,173,11470,,,25219.58,0,,0,20148.19
2212.16,5984.86,5,0,10200,목동현대아파트,,0931,0,20210614,0,,0,아파트,0,0,,540,0,0,168,0,0,0,,0000,,3,02000,공동주택,11470-731,10202,59.0,114704142097,0.0,0,1,신대장,서울특별시 양천구 목동동로12길 59,0,25,0,0,0,0,서울특별시 양천구 목동 931번지,,,,,,,2,집합,1,총괄표제부,174,11470,,,29668.34,193,,0,24127.92
1425.11,4657.7,1,26.45,10200,목동현대1차아파트,,0932,1,20191211,0,,0,"아파트, 상가",0,0,,242,0,0,402,0,0,0,,0000,,3,02000,공동주택,11470-680,10202,240.0,114703114001,0.0,0,0,구대장,서울특별시 양천구 목동동로 240,0,192,0,0,5387.2,0,서울특별시 양천구 목동 932번지,19940927,,,,,,2,집합,1,총괄표제부,175,11470,,,26145.25,594,19971206,484.38,26094.69
3288.64,360.63,2,40.2,10200,목동삼익아파트,,0933,0,20180209,0,,0,아파트,0,0,,277,0,0,327,0,0,0,,0000,,3,02000,공동주택,11470-681,10202,45.0,114704142097,0.0,0,0,구대장,서울특별시 양천구 목동동로12길 45,0,22,0,0,8181.5,0,서울특별시 양천구 목동 933번지,,,,,,,2,집합,1,총괄표제부,176,11470,,,48913.14,349,,383.41,31368.83
1622.8,234.18,3,24.74,10200,목동금호1차아파트,,0934,0,20220504,0,,0,"아파트, 경비실, 노인정 및 관리사무소, 생활편의시설, 전기기계실, 주차장",0,0,,225,0,0,185,0,0,0,,0000,,2,02000,공동주택,11470-682,10202,258.0,114703114001,0.0,0,0,구대장,서울특별시 양천구 목동동로 258,0,54,0,0,6558.9,0,서울특별시 양천구 목동 934번지,,,,,,,2,집합,1,총괄표제부,177,11470,,,28280.45,0,,349.03,22892.68
1448.57,27.5,2,29.51,10200,진도아파트,,0935,0,20111021,0,,0,공동주택,0,0,,188,0,0,0,0,0,0,,0000,,4,02000,공동주택,11470-732,10202,264.0,114703114003,0.0,0,1,신대장,서울특별시 양천구 목동서로 264,0,0,0,0,4908.1,0,서울특별시 양천구 목동 935번지,,,,,,,2,집합,1,총괄표제부,178,11470,,,26218.95,212,,368.69,18096.03
1535.53,5253.18,3,25.98,10200,목동아이파크,,0940,0,20111021,0,,0,"아파트,근린생활시설",0,0,,171,0,4907.92,155,0,0,0,,0000,,5,02000,공동주택,11470-187,10202,230.0,114703114002,0.0,0,1,신대장,서울특별시 양천구 목동로 230,0,41,0,0,5910.6,0,서울특별시 양천구 목동 940번지,20000719,,,,,,2,집합,1,총괄표제부,179,11470,,20010315,22813.19,196,20030628,299.17,17683.13
3914.57,80.01,4,25.47,10200,목동 대원 칸타빌 2단지아파트,,0941,2,20171118,0,,0,아파트,0,0,,387,0,16269.69,459,0,0,0,,0000,,6,02000,공동주택,11470-194,10201,11.0,114703114005,0.0,0,1,신대장,서울특별시 양천구 목동중앙로 11,0,64,0,0,15367.6,0,서울특별시 양천구 목동 941번지,20001024,,,,,,2,집합,1,총괄표제부,180,11470,,20010417,63574.64,523,20030628,299.97,46099.14
1202.92,3361.2,2,30.17,10200,목동3차 월드메르디앙,,0947,0,20171118,0,,0,공동주택(아파트),0,0,,108,0,2945.59,87,0,0,0,,0000,,2,02000,공동주택,11470-201,10202,270.0,114703114001,0.0,0,1,신대장,서울특별시 양천구 목동동로 270,562,48,0,0,3987,0,서울특별시 양천구 목동 947번지,20010428,,,,,,2,집합,1,총괄표제부,181,11470,,20011114,14970.31,135,20031024,291.49,11621.71
4545.91,20726.19,6,25.52,10200,목동 이-편한세상,,0950,0,20171205,0,,0,"공동주택,아파트",0,0,,276,0,20354.39,542,0,0,0,,0000,,9,02000,공동주택,11470-556,10201,32.0,114704142154,0.0,0,1,신대장,서울특별시 양천구 목동중앙로7길 32,0,4,0,0,17810.2,0,서울특별시 양천구 목동 950번지,20020829,2101,주택건설사업계획승인,3140079,주택과,2002,2,집합,1,총괄표제부,182,11470,,20040324,63149.21,546,20060705,238.98,42563.02
4347.4,21064.41,9,26.33,10200,목동금호어울림,,0951,1,20171118,0,,0,공동주택(아파트),0,0,,371,0,0,513,0,0,0,,0000,,7,02000,공동주택,11470-290,10201,37.0,114703114008,0.0,0,1,신대장,서울특별시 양천구 목동중앙서로 37,0,51,0,0,16510,0,서울특별시 양천구 목동 951번지,20010428,2101,주택건설사업계획승인,3140079,주택과,2001,2,집합,1,총괄표제부,183,11470,,20020501,68303.98,564,20041124,286.78,47348.66
1354.682,3027.88,1,34.88,10200,목동두산위브아파트,,0953,0,20171118,0,,0,공동주택(아파트),0,0,,54,0,2773.7,94,0,0,0,,0000,,2,02000,공동주택,11470-306,10201,85.0,114703114006,0.0,0,1,신대장,서울특별시 양천구 목동중앙본로 85,0,0,0,0,3883.7,0,서울특별시 양천구 목동 953번지,20040524,2101,주택건설사업계획승인,3140105,도시주택과,2004,2,집합,1,총괄표제부,184,11470,,20040721,10826.618,94,20051031,197.98,7688.978
8417.01,46718.54,9,19.57,10200,목동 롯데캐슬 위너,,0956,0,20181213,0,,0,공동주택,0,0,,1067,0,45544.18,1420,0,0,0,,0000,,14,02000,공동주택,11470-295,10201,38.0,114703114007,0.0,0,1,신대장,서울특별시 양천구 목동중앙북로 38,0,20,0,0,43007.4,0,서울특별시 양천구 목동 956번지,20010119,2101,주택건설사업계획승인,3140079,주택과,2001,2,집합,1,총괄표제부,185,11470,,20020511,173805.72,1440,20050623,290.68,125015.71
7503.11,0,0,31.41,10200,목동 현대 하이페리온2,,0961,1,20220506,0,,0,"공동주택,업무시설,판매시설,제1·2종근린생활시설,운동시설",0,0,,576,0,68904.138,1897,0,0,0,,0000,,7,02000,공동주택,11470-656,10202,300.0,114703114014,0.0,0,1,신대장,서울특별시 양천구 오목로 300,0,0,0,0,23889.6,0,서울특별시 양천구 목동 961번지,20021118,1101,신축허가,3140081,건축과,2002,2,집합,1,총괄표제부,186,11470,,20030225,230344.18,1897,20061130,631.71,150913.27
472.6,726.87,1,51.66,10200,성재세인트,,0964,0,20171205,0,,0,다세대주택(도시형생활주택 30세대),0,0,,30,0,632.35,18,0,0,0,,0000,,3,02000,공동주택,11470-100204665,,0.0,,0.0,0,1,신대장,,143.7,12,0,0,914.9,0,서울특별시 양천구 목동 964번지,20121106,2101,주택건설사업계획승인,3140160,건축과,2012,2,집합,1,총괄표제부,187,11470,,20121107,2553.02,30,20130510,199.6,1826.15
5010.8798,23769.1694,8,27.84,10200,목동롯데캐슬마에스트로,,0965,0,20190523,87,1,128.9,공동주택(아파트),0,0,2,410,4,18388.4201,486,0,0,0,,0000,,7,02000,공동주택,11470-100232168,10201,71.0,114704142199,0.0,0,1,신대장,서울특별시 양천구 목동중앙북로8길 71,0,0,0,0,17996.5,0,서울특별시 양천구 목동 965번지,20140318,5809,재건축협의(주택건설사업계획승인),3140000,양천구,2014,2,집합,1,총괄표제부,188,11470,,20160523,63003.9209,486,20190423,217.11,39071.6744
102.47,0,0,0,10200,,,0007,0,20120821,0,,0,단독주택,3,0,,0,0,0,0,0,0,0,,0000,,3,01000,단독주택,11470-714,,0.0,,0.0,0,1,신대장,,0,0,0,0,0,1,서울특별시 양천구 목동 산 7번지,,,,,,,1,일반,1,총괄표제부,1,11470,,,102.47,0,,0,102.47
102.47,0,0,0,10200,,,0007,0,20120821,0,,0,단독주택,3,0,,0,0,0,0,0,0,0,,0000,,3,01000,단독주택,11470-714,,0.0,,0.0,0,1,신대장,,0,0,0,0,0,1,서울특별시 양천구 목동 산 7번지,,,,,,,1,일반,1,총괄표제부,1,11470,,,102.47,0,,0,102.47
